Year,Vaccination,Vaccination flag,Category ,Category flag,Group,Group flag,Estimate,Estimate flag
2009,Combined series (4:3:1:4:3:1:4),4,Race and Hispanic origin,1,All,,44,
2007,Combined series (4:3:1:3:3:1:4),5,Race and Hispanic origin,1,All,,67,
2008,Combined series (4:3:1:3:3:1:4),5,Race and Hispanic origin,1,All,,68,
2009,Combined series (4:3:1:3:3:1:4),5,Race and Hispanic origin,1,All,,64,
2002,Combined series (4:3:1:3:3:1),6,Race and Hispanic origin,1,All,,66,
2003,Combined series (4:3:1:3:3:1),6,Race and Hispanic origin,1,All,,73,
2004,Combined series (4:3:1:3:3:1),6,Race and Hispanic origin,1,All,,76,
2005,Combined series (4:3:1:3:3:1),6,Race and Hispanic origin,1,All,,76,
2006,Combined series (4:3:1:3:3:1),6,Race and Hispanic origin,1,All,,77,
2007,Combined series (4:3:1:3:3:1),6,Race and Hispanic origin,1,All,,77,
2008,Combined series (4:3:1:3:3:1),6,Race and Hispanic origin,1,All,,76,
2009,Combined series (4:3:1:3:3:1),6,Race and Hispanic origin,1,All,,70,
1995,DTP/DT/DTaP (4 doses or more),7,Race and Hispanic origin,1,All,,78,
1996,DTP/DT/DTaP (4 doses or more),7,Race and Hispanic origin,1,All,,81,
1997,DTP/DT/DTaP (4 doses or more),7,Race and Hispanic origin,1,All,,82,
1998,DTP/DT/DTaP (4 doses or more),7,Race and Hispanic origin,1,All,,84,
1999,DTP/DT/DTaP (4 doses or more),7,Race and Hispanic origin,1,All,,83,
2000,DTP/DT/DTaP (4 doses or more),7,Race and Hispanic origin,1,All,,82,
2001,DTP/DT/DTaP (4 doses or more),7,Race and Hispanic origin,1,All,,82,
2002,DTP/DT/DTaP (4 doses or more),7,Race and Hispanic origin,1,All,,82,
2003,DTP/DT/DTaP (4 doses or more),7,Race and Hispanic origin,1,All,,85,
2004,DTP/DT/DTaP (4 doses or more),7,Race and Hispanic origin,1,All,,86,
2005,DTP/DT/DTaP (4 doses or more),7,Race and Hispanic origin,1,All,,86,
2006,DTP/DT/DTaP (4 doses or more),7,Race and Hispanic origin,1,All,,85,
2007,DTP/DT/DTaP (4 doses or more),7,Race and Hispanic origin,1,All,,85,
2008,DTP/DT/DTaP (4 doses or more),7,Race and Hispanic origin,1,All,,85,
2009,DTP/DT/DTaP (4 doses or more),7,Race and Hispanic origin,1,All,,84,
1995,Polio (3 doses or more),,Race and Hispanic origin,1,All,,88,
1996,Polio (3 doses or more),,Race and Hispanic origin,1,All,,91,
1997,Polio (3 doses or more),,Race and Hispanic origin,1,All,,91,
1998,Polio (3 doses or more),,Race and Hispanic origin,1,All,,91,
1999,Polio (3 doses or more),,Race and Hispanic origin,1,All,,90,
2000,Polio (3 doses or more),,Race and Hispanic origin,1,All,,90,
2001,Polio (3 doses or more),,Race and Hispanic origin,1,All,,89,
2002,Polio (3 doses or more),,Race and Hispanic origin,1,All,,90,
2003,Polio (3 doses or more),,Race and Hispanic origin,1,All,,92,
2004,Polio (3 doses or more),,Race and Hispanic origin,1,All,,92,
2005,Polio (3 doses or more),,Race and Hispanic origin,1,All,,92,
2006,Polio (3 doses or more),,Race and Hispanic origin,1,All,,93,
2007,Polio (3 doses or more),,Race and Hispanic origin,1,All,,93,
2008,Polio (3 doses or more),,Race and Hispanic origin,1,All,,94,
2009,Polio (3 doses or more),,Race and Hispanic origin,1,All,,93,
1995,"Measles, Mumps, Rubella",,Race and Hispanic origin,1,All,,90,
1996,"Measles, Mumps, Rubella",,Race and Hispanic origin,1,All,,91,
1997,"Measles, Mumps, Rubella",,Race and Hispanic origin,1,All,,90,
1998,"Measles, Mumps, Rubella",,Race and Hispanic origin,1,All,,92,
1999,"Measles, Mumps, Rubella",,Race and Hispanic origin,1,All,,92,
2000,"Measles, Mumps, Rubella",,Race and Hispanic origin,1,All,,91,
2001,"Measles, Mumps, Rubella",,Race and Hispanic origin,1,All,,91,
2002,"Measles, Mumps, Rubella",,Race and Hispanic origin,1,All,,92,
2003,"Measles, Mumps, Rubella",,Race and Hispanic origin,1,All,,93,
2004,"Measles, Mumps, Rubella",,Race and Hispanic origin,1,All,,93,
2005,"Measles, Mumps, Rubella",,Race and Hispanic origin,1,All,,92,
2006,"Measles, Mumps, Rubella",,Race and Hispanic origin,1,All,,92,
2007,"Measles, Mumps, Rubella",,Race and Hispanic origin,1,All,,92,
2008,"Measles, Mumps, Rubella",,Race and Hispanic origin,1,All,,92,
2009,"Measles, Mumps, Rubella",,Race and Hispanic origin,1,All,,90,
1995,Hib (3 doses or more),8,Race and Hispanic origin,1,All,,91,
1996,Hib (3 doses or more),8,Race and Hispanic origin,1,All,,91,
1997,Hib (3 doses or more),8,Race and Hispanic origin,1,All,,93,
1998,Hib (3 doses or more),8,Race and Hispanic origin,1,All,,93,
1999,Hib (3 doses or more),8,Race and Hispanic origin,1,All,,94,
2000,Hib (3 doses or more),8,Race and Hispanic origin,1,All,,93,
2001,Hib (3 doses or more),8,Race and Hispanic origin,1,All,,93,
2002,Hib (3 doses or more),8,Race and Hispanic origin,1,All,,93,
2003,Hib (3 doses or more),8,Race and Hispanic origin,1,All,,94,
2004,Hib (3 doses or more),8,Race and Hispanic origin,1,All,,94,
2005,Hib (3 doses or more),8,Race and Hispanic origin,1,All,,94,
2006,Hib (3 doses or more),8,Race and Hispanic origin,1,All,,93,
2007,Hib (3 doses or more),8,Race and Hispanic origin,1,All,,93,
2008,Hib (3 doses or more),8,Race and Hispanic origin,1,All,,91,
2009,Hib (primary series plus booster dose),8,Race and Hispanic origin,1,All,,55,
2009,Combined series (4:3:1:4:3:1:4),4,Race and Hispanic origin,1,Not Hispanic or Latino White,,45,
2007,Combined series (4:3:1:3:3:1:4),5,Race and Hispanic origin,1,Not Hispanic or Latino White,,67,
2008,Combined series (4:3:1:3:3:1:4),5,Race and Hispanic origin,1,Not Hispanic or Latino White,,68,
2009,Combined series (4:3:1:3:3:1:4),5,Race and Hispanic origin,1,Not Hispanic or Latino White,,64,
2002,Combined series (4:3:1:3:3:1),6,Race and Hispanic origin,1,Not Hispanic or Latino White,,66,
2003,Combined series (4:3:1:3:3:1),6,Race and Hispanic origin,1,Not Hispanic or Latino White,,74,
2004,Combined series (4:3:1:3:3:1),6,Race and Hispanic origin,1,Not Hispanic or Latino White,,77,
2005,Combined series (4:3:1:3:3:1),6,Race and Hispanic origin,1,Not Hispanic or Latino White,,76,
2006,Combined series (4:3:1:3:3:1),6,Race and Hispanic origin,1,Not Hispanic or Latino White,,78,
2007,Combined series (4:3:1:3:3:1),6,Race and Hispanic origin,1,Not Hispanic or Latino White,,78,
2008,Combined series (4:3:1:3:3:1),6,Race and Hispanic origin,1,Not Hispanic or Latino White,,75,
2009,Combined series (4:3:1:3:3:1),6,Race and Hispanic origin,1,Not Hispanic or Latino White,,69,
1995,DTP/DT/DTaP (4 doses or more),7,Race and Hispanic origin,1,Not Hispanic or Latino White,,80,
1996,DTP/DT/DTaP (4 doses or more),7,Race and Hispanic origin,1,Not Hispanic or Latino White,,83,
1997,DTP/DT/DTaP (4 doses or more),7,Race and Hispanic origin,1,Not Hispanic or Latino White,,84,
1998,DTP/DT/DTaP (4 doses or more),7,Race and Hispanic origin,1,Not Hispanic or Latino White,,87,
1999,DTP/DT/DTaP (4 doses or more),7,Race and Hispanic origin,1,Not Hispanic or Latino White,,86,
2000,DTP/DT/DTaP (4 doses or more),7,Race and Hispanic origin,1,Not Hispanic or Latino White,,84,
2001,DTP/DT/DTaP (4 doses or more),7,Race and Hispanic origin,1,Not Hispanic or Latino White,,84,
2002,DTP/DT/DTaP (4 doses or more),7,Race and Hispanic origin,1,Not Hispanic or Latino White,,84,
2003,DTP/DT/DTaP (4 doses or more),7,Race and Hispanic origin,1,Not Hispanic or Latino White,,88,
2004,DTP/DT/DTaP (4 doses or more),7,Race and Hispanic origin,1,Not Hispanic or Latino White,,88,
2005,DTP/DT/DTaP (4 doses or more),7,Race and Hispanic origin,1,Not Hispanic or Latino White,,87,
2006,DTP/DT/DTaP (4 doses or more),7,Race and Hispanic origin,1,Not Hispanic or Latino White,,87,
2007,DTP/DT/DTaP (4 doses or more),7,Race and Hispanic origin,1,Not Hispanic or Latino White,,85,
2008,DTP/DT/DTaP (4 doses or more),7,Race and Hispanic origin,1,Not Hispanic or Latino White,,85,
2009,DTP/DT/DTaP (4 doses or more),7,Race and Hispanic origin,1,Not Hispanic or Latino White,,86,
1995,Polio (3 doses or more),,Race and Hispanic origin,1,Not Hispanic or Latino White,,89,
1996,Polio (3 doses or more),,Race and Hispanic origin,1,Not Hispanic or Latino White,,92,
1997,Polio (3 doses or more),,Race and Hispanic origin,1,Not Hispanic or Latino White,,92,
1998,Polio (3 doses or more),,Race and Hispanic origin,1,Not Hispanic or Latino White,,92,
1999,Polio (3 doses or more),,Race and Hispanic origin,1,Not Hispanic or Latino White,,90,
2000,Polio (3 doses or more),,Race and Hispanic origin,1,Not Hispanic or Latino White,,91,
2001,Polio (3 doses or more),,Race and Hispanic origin,1,Not Hispanic or Latino White,,90,
2002,Polio (3 doses or more),,Race and Hispanic origin,1,Not Hispanic or Latino White,,91,
2003,Polio (3 doses or more),,Race and Hispanic origin,1,Not Hispanic or Latino White,,93,
2004,Polio (3 doses or more),,Race and Hispanic origin,1,Not Hispanic or Latino White,,92,
2005,Polio (3 doses or more),,Race and Hispanic origin,1,Not Hispanic or Latino White,,91,
2006,Polio (3 doses or more),,Race and Hispanic origin,1,Not Hispanic or Latino White,,93,
2007,Polio (3 doses or more),,Race and Hispanic origin,1,Not Hispanic or Latino White,,93,
2008,Polio (3 doses or more),,Race and Hispanic origin,1,Not Hispanic or Latino White,,94,
2009,Polio (3 doses or more),,Race and Hispanic origin,1,Not Hispanic or Latino White,,93,
1995,"Measles, Mumps, Rubella",,Race and Hispanic origin,1,Not Hispanic or Latino White,,91,
1996,"Measles, Mumps, Rubella",,Race and Hispanic origin,1,Not Hispanic or Latino White,,91,
1997,"Measles, Mumps, Rubella",,Race and Hispanic origin,1,Not Hispanic or Latino White,,91,
1998,"Measles, Mumps, Rubella",,Race and Hispanic origin,1,Not Hispanic or Latino White,,93,
1999,"Measles, Mumps, Rubella",,Race and Hispanic origin,1,Not Hispanic or Latino White,,92,
2000,"Measles, Mumps, Rubella",,Race and Hispanic origin,1,Not Hispanic or Latino White,,92,
2001,"Measles, Mumps, Rubella",,Race and Hispanic origin,1,Not Hispanic or Latino White,,92,
2002,"Measles, Mumps, Rubella",,Race and Hispanic origin,1,Not Hispanic or Latino White,,93,
2003,"Measles, Mumps, Rubella",,Race and Hispanic origin,1,Not Hispanic or Latino White,,93,
2004,"Measles, Mumps, Rubella",,Race and Hispanic origin,1,Not Hispanic or Latino White,,94,
2005,"Measles, Mumps, Rubella",,Race and Hispanic origin,1,Not Hispanic or Latino White,,91,
2006,"Measles, Mumps, Rubella",,Race and Hispanic origin,1,Not Hispanic or Latino White,,93,
2007,"Measles, Mumps, Rubella",,Race and Hispanic origin,1,Not Hispanic or Latino White,,92,
2008,"Measles, Mumps, Rubella",,Race and Hispanic origin,1,Not Hispanic or Latino White,,91,
2009,"Measles, Mumps, Rubella",,Race and Hispanic origin,1,Not Hispanic or Latino White,,91,
1995,Hib (3 doses or more),8,Race and Hispanic origin,1,Not Hispanic or Latino White,,93,
1996,Hib (3 doses or more),8,Race and Hispanic origin,1,Not Hispanic or Latino White,,93,
1997,Hib (3 doses or more),8,Race and Hispanic origin,1,Not Hispanic or Latino White,,94,
1998,Hib (3 doses or more),8,Race and Hispanic origin,1,Not Hispanic or Latino White,,95,
1999,Hib (3 doses or more),8,Race and Hispanic origin,1,Not Hispanic or Latino White,,95,
2000,Hib (3 doses or more),8,Race and Hispanic origin,1,Not Hispanic or Latino White,,95,
2001,Hib (3 doses or more),8,Race and Hispanic origin,1,Not Hispanic or Latino White,,94,
2002,Hib (3 doses or more),8,Race and Hispanic origin,1,Not Hispanic or Latino White,,94,
2003,Hib (3 doses or more),8,Race and Hispanic origin,1,Not Hispanic or Latino White,,95,
2004,Hib (3 doses or more),8,Race and Hispanic origin,1,Not Hispanic or Latino White,,95,
2005,Hib (3 doses or more),8,Race and Hispanic origin,1,Not Hispanic or Latino White,,94,
2006,Hib (3 doses or more),8,Race and Hispanic origin,1,Not Hispanic or Latino White,,94,
2007,Hib (3 doses or more),8,Race and Hispanic origin,1,Not Hispanic or Latino White,,93,
2008,Hib (3 doses or more),8,Race and Hispanic origin,1,Not Hispanic or Latino White,,91,
2009,Hib (primary series plus booster dose),8,Race and Hispanic origin,1,Not Hispanic or Latino White,,55,
2009,Combined series (4:3:1:4:3:1:4),4,Race and Hispanic origin,1,Not Hispanic or Latino Black or African American,,40,
2007,Combined series (4:3:1:3:3:1:4),5,Race and Hispanic origin,1,Not Hispanic or Latino Black or African American,,62,
2008,Combined series (4:3:1:3:3:1:4),5,Race and Hispanic origin,1,Not Hispanic or Latino Black or African American,,66,
2009,Combined series (4:3:1:3:3:1:4),5,Race and Hispanic origin,1,Not Hispanic or Latino Black or African American,,58,
2002,Combined series (4:3:1:3:3:1),6,Race and Hispanic origin,1,Not Hispanic or Latino Black or African American,,62,
2003,Combined series (4:3:1:3:3:1),6,Race and Hispanic origin,1,Not Hispanic or Latino Black or African American,,68,
2004,Combined series (4:3:1:3:3:1),6,Race and Hispanic origin,1,Not Hispanic or Latino Black or African American,,71,
2005,Combined series (4:3:1:3:3:1),6,Race and Hispanic origin,1,Not Hispanic or Latino Black or African American,,76,
2006,Combined series (4:3:1:3:3:1),6,Race and Hispanic origin,1,Not Hispanic or Latino Black or African American,,74,
2007,Combined series (4:3:1:3:3:1),6,Race and Hispanic origin,1,Not Hispanic or Latino Black or African American,,75,
2008,Combined series (4:3:1:3:3:1),6,Race and Hispanic origin,1,Not Hispanic or Latino Black or African American,,73,
2009,Combined series (4:3:1:3:3:1),6,Race and Hispanic origin,1,Not Hispanic or Latino Black or African American,,67,
1995,DTP/DT/DTaP (4 doses or more),7,Race and Hispanic origin,1,Not Hispanic or Latino Black or African American,,74,
1996,DTP/DT/DTaP (4 doses or more),7,Race and Hispanic origin,1,Not Hispanic or Latino Black or African American,,79,
1997,DTP/DT/DTaP (4 doses or more),7,Race and Hispanic origin,1,Not Hispanic or Latino Black or African American,,77,
1998,DTP/DT/DTaP (4 doses or more),7,Race and Hispanic origin,1,Not Hispanic or Latino Black or African American,,77,
1999,DTP/DT/DTaP (4 doses or more),7,Race and Hispanic origin,1,Not Hispanic or Latino Black or African American,,79,
2000,DTP/DT/DTaP (4 doses or more),7,Race and Hispanic origin,1,Not Hispanic or Latino Black or African American,,76,
2001,DTP/DT/DTaP (4 doses or more),7,Race and Hispanic origin,1,Not Hispanic or Latino Black or African American,,76,
2002,DTP/DT/DTaP (4 doses or more),7,Race and Hispanic origin,1,Not Hispanic or Latino Black or African American,,76,
2003,DTP/DT/DTaP (4 doses or more),7,Race and Hispanic origin,1,Not Hispanic or Latino Black or African American,,80,
2004,DTP/DT/DTaP (4 doses or more),7,Race and Hispanic origin,1,Not Hispanic or Latino Black or African American,,80,
2005,DTP/DT/DTaP (4 doses or more),7,Race and Hispanic origin,1,Not Hispanic or Latino Black or African American,,84,
2006,DTP/DT/DTaP (4 doses or more),7,Race and Hispanic origin,1,Not Hispanic or Latino Black or African American,,81,
2007,DTP/DT/DTaP (4 doses or more),7,Race and Hispanic origin,1,Not Hispanic or Latino Black or African American,,82,
2008,DTP/DT/DTaP (4 doses or more),7,Race and Hispanic origin,1,Not Hispanic or Latino Black or African American,,80,
2009,DTP/DT/DTaP (4 doses or more),7,Race and Hispanic origin,1,Not Hispanic or Latino Black or African American,,79,
1995,Polio (3 doses or more),,Race and Hispanic origin,1,Not Hispanic or Latino Black or African American,,84,
1996,Polio (3 doses or more),,Race and Hispanic origin,1,Not Hispanic or Latino Black or African American,,90,
1997,Polio (3 doses or more),,Race and Hispanic origin,1,Not Hispanic or Latino Black or African American,,89,
1998,Polio (3 doses or more),,Race and Hispanic origin,1,Not Hispanic or Latino Black or African American,,88,
1999,Polio (3 doses or more),,Race and Hispanic origin,1,Not Hispanic or Latino Black or African American,,87,
2000,Polio (3 doses or more),,Race and Hispanic origin,1,Not Hispanic or Latino Black or African American,,87,
2001,Polio (3 doses or more),,Race and Hispanic origin,1,Not Hispanic or Latino Black or African American,,85,
2002,Polio (3 doses or more),,Race and Hispanic origin,1,Not Hispanic or Latino Black or African American,,87,
2003,Polio (3 doses or more),,Race and Hispanic origin,1,Not Hispanic or Latino Black or African American,,89,
2004,Polio (3 doses or more),,Race and Hispanic origin,1,Not Hispanic or Latino Black or African American,,90,
2005,Polio (3 doses or more),,Race and Hispanic origin,1,Not Hispanic or Latino Black or African American,,91,
2006,Polio (3 doses or more),,Race and Hispanic origin,1,Not Hispanic or Latino Black or African American,,90,
2007,Polio (3 doses or more),,Race and Hispanic origin,1,Not Hispanic or Latino Black or African American,,91,
2008,Polio (3 doses or more),,Race and Hispanic origin,1,Not Hispanic or Latino Black or African American,,92,
2009,Polio (3 doses or more),,Race and Hispanic origin,1,Not Hispanic or Latino Black or African American,,91,
1995,"Measles, Mumps, Rubella",,Race and Hispanic origin,1,Not Hispanic or Latino Black or African American,,87,
1996,"Measles, Mumps, Rubella",,Race and Hispanic origin,1,Not Hispanic or Latino Black or African American,,90,
1997,"Measles, Mumps, Rubella",,Race and Hispanic origin,1,Not Hispanic or Latino Black or African American,,89,
1998,"Measles, Mumps, Rubella",,Race and Hispanic origin,1,Not Hispanic or Latino Black or African American,,89,
1999,"Measles, Mumps, Rubella",,Race and Hispanic origin,1,Not Hispanic or Latino Black or African American,,90,
2000,"Measles, Mumps, Rubella",,Race and Hispanic origin,1,Not Hispanic or Latino Black or African American,,88,
2001,"Measles, Mumps, Rubella",,Race and Hispanic origin,1,Not Hispanic or Latino Black or African American,,89,
2002,"Measles, Mumps, Rubella",,Race and Hispanic origin,1,Not Hispanic or Latino Black or African American,,90,
2003,"Measles, Mumps, Rubella",,Race and Hispanic origin,1,Not Hispanic or Latino Black or African American,,92,
2004,"Measles, Mumps, Rubella",,Race and Hispanic origin,1,Not Hispanic or Latino Black or African American,,91,
2005,"Measles, Mumps, Rubella",,Race and Hispanic origin,1,Not Hispanic or Latino Black or African American,,92,
2006,"Measles, Mumps, Rubella",,Race and Hispanic origin,1,Not Hispanic or Latino Black or African American,,91,
2007,"Measles, Mumps, Rubella",,Race and Hispanic origin,1,Not Hispanic or Latino Black or African American,,92,
2008,"Measles, Mumps, Rubella",,Race and Hispanic origin,1,Not Hispanic or Latino Black or African American,,92,
2009,"Measles, Mumps, Rubella",,Race and Hispanic origin,1,Not Hispanic or Latino Black or African American,,88,
1995,Hib (3 doses or more),8,Race and Hispanic origin,1,Not Hispanic or Latino Black or African American,,88,
1996,Hib (3 doses or more),8,Race and Hispanic origin,1,Not Hispanic or Latino Black or African American,,89,
1997,Hib (3 doses or more),8,Race and Hispanic origin,1,Not Hispanic or Latino Black or African American,,91,
1998,Hib (3 doses or more),8,Race and Hispanic origin,1,Not Hispanic or Latino Black or African American,,90,
1999,Hib (3 doses or more),8,Race and Hispanic origin,1,Not Hispanic or Latino Black or African American,,92,
2000,Hib (3 doses or more),8,Race and Hispanic origin,1,Not Hispanic or Latino Black or African American,,93,
2001,Hib (3 doses or more),8,Race and Hispanic origin,1,Not Hispanic or Latino Black or African American,,90,
2002,Hib (3 doses or more),8,Race and Hispanic origin,1,Not Hispanic or Latino Black or African American,,92,
2003,Hib (3 doses or more),8,Race and Hispanic origin,1,Not Hispanic or Latino Black or African American,,92,
2004,Hib (3 doses or more),8,Race and Hispanic origin,1,Not Hispanic or Latino Black or African American,,91,
2005,Hib (3 doses or more),8,Race and Hispanic origin,1,Not Hispanic or Latino Black or African American,,93,
2006,Hib (3 doses or more),8,Race and Hispanic origin,1,Not Hispanic or Latino Black or African American,,91,
2007,Hib (3 doses or more),8,Race and Hispanic origin,1,Not Hispanic or Latino Black or African American,,91,
2008,Hib (3 doses or more),8,Race and Hispanic origin,1,Not Hispanic or Latino Black or African American,,89,
2009,Hib (primary series plus booster dose),8,Race and Hispanic origin,1,Not Hispanic or Latino Black or African American,,51,
2009,Combined series (4:3:1:4:3:1:4),4,Race and Hispanic origin,1,American Indian or Alaska Native,,,
2007,Combined series (4:3:1:3:3:1:4),5,Race and Hispanic origin,1,American Indian or Alaska Native,,75,
2008,Combined series (4:3:1:3:3:1:4),5,Race and Hispanic origin,1,American Indian or Alaska Native,,63,
2009,Combined series (4:3:1:3:3:1:4),5,Race and Hispanic origin,1,American Indian or Alaska Native,,,
2002,Combined series (4:3:1:3:3:1),6,Race and Hispanic origin,1,American Indian or Alaska Native,,,
2003,Combined series (4:3:1:3:3:1),6,Race and Hispanic origin,1,American Indian or Alaska Native,,69,
2004,Combined series (4:3:1:3:3:1),6,Race and Hispanic origin,1,American Indian or Alaska Native,,67,
2005,Combined series (4:3:1:3:3:1),6,Race and Hispanic origin,1,American Indian or Alaska Native,,,*
2006,Combined series (4:3:1:3:3:1),6,Race and Hispanic origin,1,American Indian or Alaska Native,,75,
2007,Combined series (4:3:1:3:3:1),6,Race and Hispanic origin,1,American Indian or Alaska Native,,83,
2008,Combined series (4:3:1:3:3:1),6,Race and Hispanic origin,1,American Indian or Alaska Native,,77,
2009,Combined series (4:3:1:3:3:1),6,Race and Hispanic origin,1,American Indian or Alaska Native,,73,
1995,DTP/DT/DTaP (4 doses or more),7,Race and Hispanic origin,1,American Indian or Alaska Native,,71,
1996,DTP/DT/DTaP (4 doses or more),7,Race and Hispanic origin,1,American Indian or Alaska Native,,85,
1997,DTP/DT/DTaP (4 doses or more),7,Race and Hispanic origin,1,American Indian or Alaska Native,,80,
1998,DTP/DT/DTaP (4 doses or more),7,Race and Hispanic origin,1,American Indian or Alaska Native,,83,
1999,DTP/DT/DTaP (4 doses or more),7,Race and Hispanic origin,1,American Indian or Alaska Native,,80,
2000,DTP/DT/DTaP (4 doses or more),7,Race and Hispanic origin,1,American Indian or Alaska Native,,75,
2001,DTP/DT/DTaP (4 doses or more),7,Race and Hispanic origin,1,American Indian or Alaska Native,,77,
2002,DTP/DT/DTaP (4 doses or more),7,Race and Hispanic origin,1,American Indian or Alaska Native,,,*
2003,DTP/DT/DTaP (4 doses or more),7,Race and Hispanic origin,1,American Indian or Alaska Native,,80,
2004,DTP/DT/DTaP (4 doses or more),7,Race and Hispanic origin,1,American Indian or Alaska Native,,77,
2005,DTP/DT/DTaP (4 doses or more),7,Race and Hispanic origin,1,American Indian or Alaska Native,,,*
2006,DTP/DT/DTaP (4 doses or more),7,Race and Hispanic origin,1,American Indian or Alaska Native,,83,
2007,DTP/DT/DTaP (4 doses or more),7,Race and Hispanic origin,1,American Indian or Alaska Native,,86,
2008,DTP/DT/DTaP (4 doses or more),7,Race and Hispanic origin,1,American Indian or Alaska Native,,82,
2009,DTP/DT/DTaP (4 doses or more),7,Race and Hispanic origin,1,American Indian or Alaska Native,,82,
1995,Polio (3 doses or more),,Race and Hispanic origin,1,American Indian or Alaska Native,,86,
1996,Polio (3 doses or more),,Race and Hispanic origin,1,American Indian or Alaska Native,,90,
1997,Polio (3 doses or more),,Race and Hispanic origin,1,American Indian or Alaska Native,,90,
1998,Polio (3 doses or more),,Race and Hispanic origin,1,American Indian or Alaska Native,,85,
1999,Polio (3 doses or more),,Race and Hispanic origin,1,American Indian or Alaska Native,,88,
2000,Polio (3 doses or more),,Race and Hispanic origin,1,American Indian or Alaska Native,,90,
2001,Polio (3 doses or more),,Race and Hispanic origin,1,American Indian or Alaska Native,,88,
2002,Polio (3 doses or more),,Race and Hispanic origin,1,American Indian or Alaska Native,,,*
2003,Polio (3 doses or more),,Race and Hispanic origin,1,American Indian or Alaska Native,,91,
2004,Polio (3 doses or more),,Race and Hispanic origin,1,American Indian or Alaska Native,,87,
2005,Polio (3 doses or more),,Race and Hispanic origin,1,American Indian or Alaska Native,,,*
2006,Polio (3 doses or more),,Race and Hispanic origin,1,American Indian or Alaska Native,,91,
2007,Polio (3 doses or more),,Race and Hispanic origin,1,American Indian or Alaska Native,,95,
2008,Polio (3 doses or more),,Race and Hispanic origin,1,American Indian or Alaska Native,,91,
2009,Polio (3 doses or more),,Race and Hispanic origin,1,American Indian or Alaska Native,,92,
1995,"Measles, Mumps, Rubella",,Race and Hispanic origin,1,American Indian or Alaska Native,,88,
1996,"Measles, Mumps, Rubella",,Race and Hispanic origin,1,American Indian or Alaska Native,,89,
1997,"Measles, Mumps, Rubella",,Race and Hispanic origin,1,American Indian or Alaska Native,,92,
1998,"Measles, Mumps, Rubella",,Race and Hispanic origin,1,American Indian or Alaska Native,,91,
1999,"Measles, Mumps, Rubella",,Race and Hispanic origin,1,American Indian or Alaska Native,,92,
2000,"Measles, Mumps, Rubella",,Race and Hispanic origin,1,American Indian or Alaska Native,,87,
2001,"Measles, Mumps, Rubella",,Race and Hispanic origin,1,American Indian or Alaska Native,,94,
2002,"Measles, Mumps, Rubella",,Race and Hispanic origin,1,American Indian or Alaska Native,,84,
2003,"Measles, Mumps, Rubella",,Race and Hispanic origin,1,American Indian or Alaska Native,,92,
2004,"Measles, Mumps, Rubella",,Race and Hispanic origin,1,American Indian or Alaska Native,,89,
2005,"Measles, Mumps, Rubella",,Race and Hispanic origin,1,American Indian or Alaska Native,,90,
2006,"Measles, Mumps, Rubella",,Race and Hispanic origin,1,American Indian or Alaska Native,,89,
2007,"Measles, Mumps, Rubella",,Race and Hispanic origin,1,American Indian or Alaska Native,,96,
2008,"Measles, Mumps, Rubella",,Race and Hispanic origin,1,American Indian or Alaska Native,,96,
2009,"Measles, Mumps, Rubella",,Race and Hispanic origin,1,American Indian or Alaska Native,,95,
1995,Hib (3 doses or more),8,Race and Hispanic origin,1,American Indian or Alaska Native,,93,
1996,Hib (3 doses or more),8,Race and Hispanic origin,1,American Indian or Alaska Native,,91,
1997,Hib (3 doses or more),8,Race and Hispanic origin,1,American Indian or Alaska Native,,86,
1998,Hib (3 doses or more),8,Race and Hispanic origin,1,American Indian or Alaska Native,,90,
1999,Hib (3 doses or more),8,Race and Hispanic origin,1,American Indian or Alaska Native,,91,
2000,Hib (3 doses or more),8,Race and Hispanic origin,1,American Indian or Alaska Native,,90,
2001,Hib (3 doses or more),8,Race and Hispanic origin,1,American Indian or Alaska Native,,91,
2002,Hib (3 doses or more),8,Race and Hispanic origin,1,American Indian or Alaska Native,,,*
2003,Hib (3 doses or more),8,Race and Hispanic origin,1,American Indian or Alaska Native,,89,
2004,Hib (3 doses or more),8,Race and Hispanic origin,1,American Indian or Alaska Native,,90,
2005,Hib (3 doses or more),8,Race and Hispanic origin,1,American Indian or Alaska Native,,88,
2006,Hib (3 doses or more),8,Race and Hispanic origin,1,American Indian or Alaska Native,,94,
2007,Hib (3 doses or more),8,Race and Hispanic origin,1,American Indian or Alaska Native,,95,
2008,Hib (3 doses or more),8,Race and Hispanic origin,1,American Indian or Alaska Native,,89,
2009,Hib (primary series plus booster dose),8,Race and Hispanic origin,1,American Indian or Alaska Native,,,
2009,Combined series (4:3:1:4:3:1:4),4,Race and Hispanic origin,1,Asian,3,39,
2007,Combined series (4:3:1:3:3:1:4),5,Race and Hispanic origin,1,Asian,3,69,
2008,Combined series (4:3:1:3:3:1:4),5,Race and Hispanic origin,1,Asian,3,74,
2009,Combined series (4:3:1:3:3:1:4),5,Race and Hispanic origin,1,Asian,3,55,
2002,Combined series (4:3:1:3:3:1),6,Race and Hispanic origin,1,Asian,3,74,
2003,Combined series (4:3:1:3:3:1),6,Race and Hispanic origin,1,Asian,3,76,
2004,Combined series (4:3:1:3:3:1),6,Race and Hispanic origin,1,Asian,3,80,
2005,Combined series (4:3:1:3:3:1),6,Race and Hispanic origin,1,Asian,3,77,
2006,Combined series (4:3:1:3:3:1),6,Race and Hispanic origin,1,Asian,3,76,
2007,Combined series (4:3:1:3:3:1),6,Race and Hispanic origin,1,Asian,3,79,
2008,Combined series (4:3:1:3:3:1),6,Race and Hispanic origin,1,Asian,3,82,
2009,Combined series (4:3:1:3:3:1),6,Race and Hispanic origin,1,Asian,3,70,
1995,DTP/DT/DTaP (4 doses or more),7,Race and Hispanic origin,1,Asian,3,84,
1996,DTP/DT/DTaP (4 doses or more),7,Race and Hispanic origin,1,Asian,3,85,
1997,DTP/DT/DTaP (4 doses or more),7,Race and Hispanic origin,1,Asian,3,80,
1998,DTP/DT/DTaP (4 doses or more),7,Race and Hispanic origin,1,Asian,3,89,
1999,DTP/DT/DTaP (4 doses or more),7,Race and Hispanic origin,1,Asian,3,87,
2000,DTP/DT/DTaP (4 doses or more),7,Race and Hispanic origin,1,Asian,3,85,
2001,DTP/DT/DTaP (4 doses or more),7,Race and Hispanic origin,1,Asian,3,84,
2002,DTP/DT/DTaP (4 doses or more),7,Race and Hispanic origin,1,Asian,3,88,
2003,DTP/DT/DTaP (4 doses or more),7,Race and Hispanic origin,1,Asian,3,89,
2004,DTP/DT/DTaP (4 doses or more),7,Race and Hispanic origin,1,Asian,3,90,
2005,DTP/DT/DTaP (4 doses or more),7,Race and Hispanic origin,1,Asian,3,89,
2006,DTP/DT/DTaP (4 doses or more),7,Race and Hispanic origin,1,Asian,3,86,
2007,DTP/DT/DTaP (4 doses or more),7,Race and Hispanic origin,1,Asian,3,88,
2008,DTP/DT/DTaP (4 doses or more),7,Race and Hispanic origin,1,Asian,3,92,
2009,DTP/DT/DTaP (4 doses or more),7,Race and Hispanic origin,1,Asian,3,87,
1995,Polio (3 doses or more),,Race and Hispanic origin,1,Asian,3,90,
1996,Polio (3 doses or more),,Race and Hispanic origin,1,Asian,3,90,
1997,Polio (3 doses or more),,Race and Hispanic origin,1,Asian,3,89,
1998,Polio (3 doses or more),,Race and Hispanic origin,1,Asian,3,93,
1999,Polio (3 doses or more),,Race and Hispanic origin,1,Asian,3,90,
2000,Polio (3 doses or more),,Race and Hispanic origin,1,Asian,3,93,
2001,Polio (3 doses or more),,Race and Hispanic origin,1,Asian,3,90,
2002,Polio (3 doses or more),,Race and Hispanic origin,1,Asian,3,92,
2003,Polio (3 doses or more),,Race and Hispanic origin,1,Asian,3,91,
2004,Polio (3 doses or more),,Race and Hispanic origin,1,Asian,3,93,
2005,Polio (3 doses or more),,Race and Hispanic origin,1,Asian,3,93,
2006,Polio (3 doses or more),,Race and Hispanic origin,1,Asian,3,92,
2007,Polio (3 doses or more),,Race and Hispanic origin,1,Asian,3,95,
2008,Polio (3 doses or more),,Race and Hispanic origin,1,Asian,3,97,
2009,Polio (3 doses or more),,Race and Hispanic origin,1,Asian,3,94,
1995,"Measles, Mumps, Rubella",,Race and Hispanic origin,1,Asian,3,95,
1996,"Measles, Mumps, Rubella",,Race and Hispanic origin,1,Asian,3,93,
1997,"Measles, Mumps, Rubella",,Race and Hispanic origin,1,Asian,3,90,
1998,"Measles, Mumps, Rubella",,Race and Hispanic origin,1,Asian,3,92,
1999,"Measles, Mumps, Rubella",,Race and Hispanic origin,1,Asian,3,93,
2000,"Measles, Mumps, Rubella",,Race and Hispanic origin,1,Asian,3,90,
2001,"Measles, Mumps, Rubella",,Race and Hispanic origin,1,Asian,3,90,
2002,"Measles, Mumps, Rubella",,Race and Hispanic origin,1,Asian,3,95,
2003,"Measles, Mumps, Rubella",,Race and Hispanic origin,1,Asian,3,96,
2004,"Measles, Mumps, Rubella",,Race and Hispanic origin,1,Asian,3,94,
2005,"Measles, Mumps, Rubella",,Race and Hispanic origin,1,Asian,3,92,
2006,"Measles, Mumps, Rubella",,Race and Hispanic origin,1,Asian,3,95,
2007,"Measles, Mumps, Rubella",,Race and Hispanic origin,1,Asian,3,94,
2008,"Measles, Mumps, Rubella",,Race and Hispanic origin,1,Asian,3,95,
2009,"Measles, Mumps, Rubella",,Race and Hispanic origin,1,Asian,3,91,
1995,Hib (3 doses or more),8,Race and Hispanic origin,1,Asian,3,90,
1996,Hib (3 doses or more),8,Race and Hispanic origin,1,Asian,3,92,
1997,Hib (3 doses or more),8,Race and Hispanic origin,1,Asian,3,89,
1998,Hib (3 doses or more),8,Race and Hispanic origin,1,Asian,3,92,
1999,Hib (3 doses or more),8,Race and Hispanic origin,1,Asian,3,90,
2000,Hib (3 doses or more),8,Race and Hispanic origin,1,Asian,3,92,
2001,Hib (3 doses or more),8,Race and Hispanic origin,1,Asian,3,92,
2002,Hib (3 doses or more),8,Race and Hispanic origin,1,Asian,3,95,
2003,Hib (3 doses or more),8,Race and Hispanic origin,1,Asian,3,91,
2004,Hib (3 doses or more),8,Race and Hispanic origin,1,Asian,3,92,
2005,Hib (3 doses or more),8,Race and Hispanic origin,1,Asian,3,89,
2006,Hib (3 doses or more),8,Race and Hispanic origin,1,Asian,3,90,
2007,Hib (3 doses or more),8,Race and Hispanic origin,1,Asian,3,91,
2008,Hib (3 doses or more),8,Race and Hispanic origin,1,Asian,3,93,
2009,Hib (primary series plus booster dose),8,Race and Hispanic origin,1,Asian,3,55,
2009,Combined series (4:3:1:4:3:1:4),4,Race and Hispanic origin,1,Native Hawaiian or Other Pacific Islander,3,,
2007,Combined series (4:3:1:3:3:1:4),5,Race and Hispanic origin,1,Native Hawaiian or Other Pacific Islander,3,,*
2008,Combined series (4:3:1:3:3:1:4),5,Race and Hispanic origin,1,Native Hawaiian or Other Pacific Islander,3,,*
2009,Combined series (4:3:1:3:3:1:4),5,Race and Hispanic origin,1,Native Hawaiian or Other Pacific Islander,3,,
2002,Combined series (4:3:1:3:3:1),6,Race and Hispanic origin,1,Native Hawaiian or Other Pacific Islander,3,,
2003,Combined series (4:3:1:3:3:1),6,Race and Hispanic origin,1,Native Hawaiian or Other Pacific Islander,3,,
2004,Combined series (4:3:1:3:3:1),6,Race and Hispanic origin,1,Native Hawaiian or Other Pacific Islander,3,,
2005,Combined series (4:3:1:3:3:1),6,Race and Hispanic origin,1,Native Hawaiian or Other Pacific Islander,3,,
2006,Combined series (4:3:1:3:3:1),6,Race and Hispanic origin,1,Native Hawaiian or Other Pacific Islander,3,,
2007,Combined series (4:3:1:3:3:1),6,Race and Hispanic origin,1,Native Hawaiian or Other Pacific Islander,3,,*
2008,Combined series (4:3:1:3:3:1),6,Race and Hispanic origin,1,Native Hawaiian or Other Pacific Islander,3,,*
2009,Combined series (4:3:1:3:3:1),6,Race and Hispanic origin,1,Native Hawaiian or Other Pacific Islander,3,,
1995,DTP/DT/DTaP (4 doses or more),7,Race and Hispanic origin,1,Native Hawaiian or Other Pacific Islander,3,,
1996,DTP/DT/DTaP (4 doses or more),7,Race and Hispanic origin,1,Native Hawaiian or Other Pacific Islander,3,,
1997,DTP/DT/DTaP (4 doses or more),7,Race and Hispanic origin,1,Native Hawaiian or Other Pacific Islander,3,,
1998,DTP/DT/DTaP (4 doses or more),7,Race and Hispanic origin,1,Native Hawaiian or Other Pacific Islander,3,,
1999,DTP/DT/DTaP (4 doses or more),7,Race and Hispanic origin,1,Native Hawaiian or Other Pacific Islander,3,,
2000,DTP/DT/DTaP (4 doses or more),7,Race and Hispanic origin,1,Native Hawaiian or Other Pacific Islander,3,,
2001,DTP/DT/DTaP (4 doses or more),7,Race and Hispanic origin,1,Native Hawaiian or Other Pacific Islander,3,,
2002,DTP/DT/DTaP (4 doses or more),7,Race and Hispanic origin,1,Native Hawaiian or Other Pacific Islander,3,,*
2003,DTP/DT/DTaP (4 doses or more),7,Race and Hispanic origin,1,Native Hawaiian or Other Pacific Islander,3,,*
2004,DTP/DT/DTaP (4 doses or more),7,Race and Hispanic origin,1,Native Hawaiian or Other Pacific Islander,3,,*
2005,DTP/DT/DTaP (4 doses or more),7,Race and Hispanic origin,1,Native Hawaiian or Other Pacific Islander,3,,*
2006,DTP/DT/DTaP (4 doses or more),7,Race and Hispanic origin,1,Native Hawaiian or Other Pacific Islander,3,,*
2007,DTP/DT/DTaP (4 doses or more),7,Race and Hispanic origin,1,Native Hawaiian or Other Pacific Islander,3,,*
2008,DTP/DT/DTaP (4 doses or more),7,Race and Hispanic origin,1,Native Hawaiian or Other Pacific Islander,3,,*
2009,DTP/DT/DTaP (4 doses or more),7,Race and Hispanic origin,1,Native Hawaiian or Other Pacific Islander,3,93,
1995,Polio (3 doses or more),,Race and Hispanic origin,1,Native Hawaiian or Other Pacific Islander,3,,
1996,Polio (3 doses or more),,Race and Hispanic origin,1,Native Hawaiian or Other Pacific Islander,3,,
1997,Polio (3 doses or more),,Race and Hispanic origin,1,Native Hawaiian or Other Pacific Islander,3,,
1998,Polio (3 doses or more),,Race and Hispanic origin,1,Native Hawaiian or Other Pacific Islander,3,,
1999,Polio (3 doses or more),,Race and Hispanic origin,1,Native Hawaiian or Other Pacific Islander,3,,
2000,Polio (3 doses or more),,Race and Hispanic origin,1,Native Hawaiian or Other Pacific Islander,3,,
2001,Polio (3 doses or more),,Race and Hispanic origin,1,Native Hawaiian or Other Pacific Islander,3,,
2002,Polio (3 doses or more),,Race and Hispanic origin,1,Native Hawaiian or Other Pacific Islander,3,95,
2003,Polio (3 doses or more),,Race and Hispanic origin,1,Native Hawaiian or Other Pacific Islander,3,90,
2004,Polio (3 doses or more),,Race and Hispanic origin,1,Native Hawaiian or Other Pacific Islander,3,,*
2005,Polio (3 doses or more),,Race and Hispanic origin,1,Native Hawaiian or Other Pacific Islander,3,,*
2006,Polio (3 doses or more),,Race and Hispanic origin,1,Native Hawaiian or Other Pacific Islander,3,96,
2007,Polio (3 doses or more),,Race and Hispanic origin,1,Native Hawaiian or Other Pacific Islander,3,87,
2008,Polio (3 doses or more),,Race and Hispanic origin,1,Native Hawaiian or Other Pacific Islander,3,,*
2009,Polio (3 doses or more),,Race and Hispanic origin,1,Native Hawaiian or Other Pacific Islander,3,97,
1995,"Measles, Mumps, Rubella",,Race and Hispanic origin,1,Native Hawaiian or Other Pacific Islander,3,,
1996,"Measles, Mumps, Rubella",,Race and Hispanic origin,1,Native Hawaiian or Other Pacific Islander,3,,
1997,"Measles, Mumps, Rubella",,Race and Hispanic origin,1,Native Hawaiian or Other Pacific Islander,3,,
1998,"Measles, Mumps, Rubella",,Race and Hispanic origin,1,Native Hawaiian or Other Pacific Islander,3,,
1999,"Measles, Mumps, Rubella",,Race and Hispanic origin,1,Native Hawaiian or Other Pacific Islander,3,,
2006,DTP/DT/DTaP (4 doses or more),,Poverty level,,Below poverty level,,81,
2000,"Measles, Mumps, Rubella",,Race and Hispanic origin,1,Native Hawaiian or Other Pacific Islander,3,,
2001,"Measles, Mumps, Rubella",,Race and Hispanic origin,1,Native Hawaiian or Other Pacific Islander,3,,
2002,"Measles, Mumps, Rubella",,Race and Hispanic origin,1,Native Hawaiian or Other Pacific Islander,3,94,
2003,"Measles, Mumps, Rubella",,Race and Hispanic origin,1,Native Hawaiian or Other Pacific Islander,3,,*
2004,"Measles, Mumps, Rubella",,Race and Hispanic origin,1,Native Hawaiian or Other Pacific Islander,3,,*
2005,"Measles, Mumps, Rubella",,Race and Hispanic origin,1,Native Hawaiian or Other Pacific Islander,3,90,
2006,"Measles, Mumps, Rubella",,Race and Hispanic origin,1,Native Hawaiian or Other Pacific Islander,3,94,
2007,"Measles, Mumps, Rubella",,Race and Hispanic origin,1,Native Hawaiian or Other Pacific Islander,3,88,
2008,"Measles, Mumps, Rubella",,Race and Hispanic origin,1,Native Hawaiian or Other Pacific Islander,3,97,
2009,"Measles, Mumps, Rubella",,Race and Hispanic origin,1,Native Hawaiian or Other Pacific Islander,3,97,
1995,Hib (3 doses or more),8,Race and Hispanic origin,1,Native Hawaiian or Other Pacific Islander,3,,
1996,Hib (3 doses or more),8,Race and Hispanic origin,1,Native Hawaiian or Other Pacific Islander,3,,
1997,Hib (3 doses or more),8,Race and Hispanic origin,1,Native Hawaiian or Other Pacific Islander,3,,
1998,Hib (3 doses or more),8,Race and Hispanic origin,1,Native Hawaiian or Other Pacific Islander,3,,
1999,Hib (3 doses or more),8,Race and Hispanic origin,1,Native Hawaiian or Other Pacific Islander,3,,
2000,Hib (3 doses or more),8,Race and Hispanic origin,1,Native Hawaiian or Other Pacific Islander,3,,
2001,Hib (3 doses or more),8,Race and Hispanic origin,1,Native Hawaiian or Other Pacific Islander,3,,
2002,Hib (3 doses or more),8,Race and Hispanic origin,1,Native Hawaiian or Other Pacific Islander,3,93,
2003,Hib (3 doses or more),8,Race and Hispanic origin,1,Native Hawaiian or Other Pacific Islander,3,,*
2004,Hib (3 doses or more),8,Race and Hispanic origin,1,Native Hawaiian or Other Pacific Islander,3,,*
2005,Hib (3 doses or more),8,Race and Hispanic origin,1,Native Hawaiian or Other Pacific Islander,3,91,
2006,Hib (3 doses or more),8,Race and Hispanic origin,1,Native Hawaiian or Other Pacific Islander,3,96,
2007,Hib (3 doses or more),8,Race and Hispanic origin,1,Native Hawaiian or Other Pacific Islander,3,,*
2008,Hib (3 doses or more),8,Race and Hispanic origin,1,Native Hawaiian or Other Pacific Islander,3,96,
2009,Hib (primary series plus booster dose),8,Race and Hispanic origin,1,Native Hawaiian or Other Pacific Islander,3,,
2009,Combined series (4:3:1:4:3:1:4),4,Race and Hispanic origin,1,2 or more races,,41,
2007,Combined series (4:3:1:3:3:1:4),5,Race and Hispanic origin,1,2 or more races,,66,
2008,Combined series (4:3:1:3:3:1:4),5,Race and Hispanic origin,1,2 or more races,,76,
2009,Combined series (4:3:1:3:3:1:4),5,Race and Hispanic origin,1,2 or more races,,57,
2002,Combined series (4:3:1:3:3:1),6,Race and Hispanic origin,1,2 or more races,,61,
2003,Combined series (4:3:1:3:3:1),6,Race and Hispanic origin,1,2 or more races,,74,
2004,Combined series (4:3:1:3:3:1),6,Race and Hispanic origin,1,2 or more races,,77,
2005,Combined series (4:3:1:3:3:1),6,Race and Hispanic origin,1,2 or more races,,80,
2006,Combined series (4:3:1:3:3:1),6,Race and Hispanic origin,1,2 or more races,,75,
2007,Combined series (4:3:1:3:3:1),6,Race and Hispanic origin,1,2 or more races,,76,
2008,Combined series (4:3:1:3:3:1),6,Race and Hispanic origin,1,2 or more races,,79,
2009,Combined series (4:3:1:3:3:1),6,Race and Hispanic origin,1,2 or more races,,67,
1995,DTP/DT/DTaP (4 doses or more),7,Race and Hispanic origin,1,2 or more races,,,
1996,DTP/DT/DTaP (4 doses or more),7,Race and Hispanic origin,1,2 or more races,,,
1997,DTP/DT/DTaP (4 doses or more),7,Race and Hispanic origin,1,2 or more races,,,
1998,DTP/DT/DTaP (4 doses or more),7,Race and Hispanic origin,1,2 or more races,,,
1999,DTP/DT/DTaP (4 doses or more),7,Race and Hispanic origin,1,2 or more races,,,
2000,DTP/DT/DTaP (4 doses or more),7,Race and Hispanic origin,1,2 or more races,,,
2001,DTP/DT/DTaP (4 doses or more),7,Race and Hispanic origin,1,2 or more races,,,
2002,DTP/DT/DTaP (4 doses or more),7,Race and Hispanic origin,1,2 or more races,,78,
2003,DTP/DT/DTaP (4 doses or more),7,Race and Hispanic origin,1,2 or more races,,84,
2004,DTP/DT/DTaP (4 doses or more),7,Race and Hispanic origin,1,2 or more races,,86,
2005,DTP/DT/DTaP (4 doses or more),7,Race and Hispanic origin,1,2 or more races,,86.3,
2006,DTP/DT/DTaP (4 doses or more),7,Race and Hispanic origin,1,2 or more races,,84,
2007,DTP/DT/DTaP (4 doses or more),7,Race and Hispanic origin,1,2 or more races,,84,
2008,DTP/DT/DTaP (4 doses or more),7,Race and Hispanic origin,1,2 or more races,,88,
2009,DTP/DT/DTaP (4 doses or more),7,Race and Hispanic origin,1,2 or more races,,82,
1995,Polio (3 doses or more),,Race and Hispanic origin,1,2 or more races,,,
1996,Polio (3 doses or more),,Race and Hispanic origin,1,2 or more races,,,
1997,Polio (3 doses or more),,Race and Hispanic origin,1,2 or more races,,,
1998,Polio (3 doses or more),,Race and Hispanic origin,1,2 or more races,,,
1999,Polio (3 doses or more),,Race and Hispanic origin,1,2 or more races,,,
2000,Polio (3 doses or more),,Race and Hispanic origin,1,2 or more races,,,
2001,Polio (3 doses or more),,Race and Hispanic origin,1,2 or more races,,,
2002,Polio (3 doses or more),,Race and Hispanic origin,1,2 or more races,,87,
2003,Polio (3 doses or more),,Race and Hispanic origin,1,2 or more races,,91,
2004,Polio (3 doses or more),,Race and Hispanic origin,1,2 or more races,,92,
2005,Polio (3 doses or more),,Race and Hispanic origin,1,2 or more races,,93.8,
2006,Polio (3 doses or more),,Race and Hispanic origin,1,2 or more races,,92,
2007,Polio (3 doses or more),,Race and Hispanic origin,1,2 or more races,,92,
2008,Polio (3 doses or more),,Race and Hispanic origin,1,2 or more races,,94,
2009,Polio (3 doses or more),,Race and Hispanic origin,1,2 or more races,,93,
1995,"Measles, Mumps, Rubella",,Race and Hispanic origin,1,2 or more races,,,
1996,"Measles, Mumps, Rubella",,Race and Hispanic origin,1,2 or more races,,,
1997,"Measles, Mumps, Rubella",,Race and Hispanic origin,1,2 or more races,,,
1998,"Measles, Mumps, Rubella",,Race and Hispanic origin,1,2 or more races,,,
1999,"Measles, Mumps, Rubella",,Race and Hispanic origin,1,2 or more races,,,
2000,"Measles, Mumps, Rubella",,Race and Hispanic origin,1,2 or more races,,,
2001,"Measles, Mumps, Rubella",,Race and Hispanic origin,1,2 or more races,,,
2002,"Measles, Mumps, Rubella",,Race and Hispanic origin,1,2 or more races,,89,
2007,DTP/DT/DTaP (4 doses or more),,Poverty level,,Below poverty level,,81,
2003,"Measles, Mumps, Rubella",,Race and Hispanic origin,1,2 or more races,,94,
2004,"Measles, Mumps, Rubella",,Race and Hispanic origin,1,2 or more races,,94,
2005,"Measles, Mumps, Rubella",,Race and Hispanic origin,1,2 or more races,,93.7,
2006,"Measles, Mumps, Rubella",,Race and Hispanic origin,1,2 or more races,,91,
2007,"Measles, Mumps, Rubella",,Race and Hispanic origin,1,2 or more races,,95,
2008,"Measles, Mumps, Rubella",,Race and Hispanic origin,1,2 or more races,,94,
2009,"Measles, Mumps, Rubella",,Race and Hispanic origin,1,2 or more races,,89,
1995,Hib (3 doses or more),8,Race and Hispanic origin,1,2 or more races,,,
1996,Hib (3 doses or more),8,Race and Hispanic origin,1,2 or more races,,,
1997,Hib (3 doses or more),8,Race and Hispanic origin,1,2 or more races,,,
1998,Hib (3 doses or more),8,Race and Hispanic origin,1,2 or more races,,,
1999,Hib (3 doses or more),8,Race and Hispanic origin,1,2 or more races,,,
2000,Hib (3 doses or more),8,Race and Hispanic origin,1,2 or more races,,,
2001,Hib (3 doses or more),8,Race and Hispanic origin,1,2 or more races,,,
2002,Hib (3 doses or more),8,Race and Hispanic origin,1,2 or more races,,90,
2003,Hib (3 doses or more),8,Race and Hispanic origin,1,2 or more races,,93,
2004,Hib (3 doses or more),8,Race and Hispanic origin,1,2 or more races,,96,
2005,Hib (3 doses or more),8,Race and Hispanic origin,1,2 or more races,,94.7,
2006,Hib (3 doses or more),8,Race and Hispanic origin,1,2 or more races,,91,
2007,Hib (3 doses or more),8,Race and Hispanic origin,1,2 or more races,,90,
2008,Hib (3 doses or more),8,Race and Hispanic origin,1,2 or more races,,90,
2009,Hib (primary series plus booster dose),8,Race and Hispanic origin,1,2 or more races,,54,
2009,Combined series (4:3:1:4:3:1:4),4,Race and Hispanic origin,1,Hispanic or Latino,,46,
2007,Combined series (4:3:1:3:3:1:4),5,Race and Hispanic origin,1,Hispanic or Latino,,67,
2008,Combined series (4:3:1:3:3:1:4),5,Race and Hispanic origin,1,Hispanic or Latino,,69,
2009,Combined series (4:3:1:3:3:1:4),5,Race and Hispanic origin,1,Hispanic or Latino,,67,
2002,Combined series (4:3:1:3:3:1),6,Race and Hispanic origin,1,Hispanic or Latino,,66,
2003,Combined series (4:3:1:3:3:1),6,Race and Hispanic origin,1,Hispanic or Latino,,71,
2004,Combined series (4:3:1:3:3:1),6,Race and Hispanic origin,1,Hispanic or Latino,,76,
2005,Combined series (4:3:1:3:3:1),6,Race and Hispanic origin,1,Hispanic or Latino,,76,
2006,Combined series (4:3:1:3:3:1),6,Race and Hispanic origin,1,Hispanic or Latino,,77,
2007,Combined series (4:3:1:3:3:1),6,Race and Hispanic origin,1,Hispanic or Latino,,78,
2008,Combined series (4:3:1:3:3:1),6,Race and Hispanic origin,1,Hispanic or Latino,,78,
2009,Combined series (4:3:1:3:3:1),6,Race and Hispanic origin,1,Hispanic or Latino,,73,
1995,DTP/DT/DTaP (4 doses or more),7,Race and Hispanic origin,1,Hispanic or Latino,,75,
1996,DTP/DT/DTaP (4 doses or more),7,Race and Hispanic origin,1,Hispanic or Latino,,77,
1997,DTP/DT/DTaP (4 doses or more),7,Race and Hispanic origin,1,Hispanic or Latino,,78,
1998,DTP/DT/DTaP (4 doses or more),7,Race and Hispanic origin,1,Hispanic or Latino,,81,
1999,DTP/DT/DTaP (4 doses or more),7,Race and Hispanic origin,1,Hispanic or Latino,,80,
2000,DTP/DT/DTaP (4 doses or more),7,Race and Hispanic origin,1,Hispanic or Latino,,79,
2001,DTP/DT/DTaP (4 doses or more),7,Race and Hispanic origin,1,Hispanic or Latino,,83,
2002,DTP/DT/DTaP (4 doses or more),7,Race and Hispanic origin,1,Hispanic or Latino,,79,
2003,DTP/DT/DTaP (4 doses or more),7,Race and Hispanic origin,1,Hispanic or Latino,,82,
2004,DTP/DT/DTaP (4 doses or more),7,Race and Hispanic origin,1,Hispanic or Latino,,84,
2005,DTP/DT/DTaP (4 doses or more),7,Race and Hispanic origin,1,Hispanic or Latino,,83.6,
2006,DTP/DT/DTaP (4 doses or more),7,Race and Hispanic origin,1,Hispanic or Latino,,85,
2007,DTP/DT/DTaP (4 doses or more),7,Race and Hispanic origin,1,Hispanic or Latino,,84,
2008,DTP/DT/DTaP (4 doses or more),7,Race and Hispanic origin,1,Hispanic or Latino,,85,
2009,DTP/DT/DTaP (4 doses or more),7,Race and Hispanic origin,1,Hispanic or Latino,,83,
1995,Polio (3 doses or more),,Race and Hispanic origin,1,Hispanic or Latino,,87,
1996,Polio (3 doses or more),,Race and Hispanic origin,1,Hispanic or Latino,,89,
1997,Polio (3 doses or more),,Race and Hispanic origin,1,Hispanic or Latino,,90,
1998,Polio (3 doses or more),,Race and Hispanic origin,1,Hispanic or Latino,,89,
1999,Polio (3 doses or more),,Race and Hispanic origin,1,Hispanic or Latino,,89,
2000,Polio (3 doses or more),,Race and Hispanic origin,1,Hispanic or Latino,,88,
2001,Polio (3 doses or more),,Race and Hispanic origin,1,Hispanic or Latino,,91,
2002,Polio (3 doses or more),,Race and Hispanic origin,1,Hispanic or Latino,,90,
2003,Polio (3 doses or more),,Race and Hispanic origin,1,Hispanic or Latino,,90,
2004,Polio (3 doses or more),,Race and Hispanic origin,1,Hispanic or Latino,,91,
2005,Polio (3 doses or more),,Race and Hispanic origin,1,Hispanic or Latino,,92.3,
2006,Polio (3 doses or more),,Race and Hispanic origin,1,Hispanic or Latino,,93,
2007,Polio (3 doses or more),,Race and Hispanic origin,1,Hispanic or Latino,,93,
2008,Polio (3 doses or more),,Race and Hispanic origin,1,Hispanic or Latino,,94,
2009,Polio (3 doses or more),,Race and Hispanic origin,1,Hispanic or Latino,,93,
1995,"Measles, Mumps, Rubella",,Race and Hispanic origin,1,Hispanic or Latino,,88,
1996,"Measles, Mumps, Rubella",,Race and Hispanic origin,1,Hispanic or Latino,,88,
1997,"Measles, Mumps, Rubella",,Race and Hispanic origin,1,Hispanic or Latino,,88,
1998,"Measles, Mumps, Rubella",,Race and Hispanic origin,1,Hispanic or Latino,,91,
1999,"Measles, Mumps, Rubella",,Race and Hispanic origin,1,Hispanic or Latino,,90,
2000,"Measles, Mumps, Rubella",,Race and Hispanic origin,1,Hispanic or Latino,,90,
2001,"Measles, Mumps, Rubella",,Race and Hispanic origin,1,Hispanic or Latino,,92,
2002,"Measles, Mumps, Rubella",,Race and Hispanic origin,1,Hispanic or Latino,,91,
2003,"Measles, Mumps, Rubella",,Race and Hispanic origin,1,Hispanic or Latino,,93,
2004,"Measles, Mumps, Rubella",,Race and Hispanic origin,1,Hispanic or Latino,,93,
2005,"Measles, Mumps, Rubella",,Race and Hispanic origin,1,Hispanic or Latino,,91.1,
2006,"Measles, Mumps, Rubella",,Race and Hispanic origin,1,Hispanic or Latino,,92,
2007,"Measles, Mumps, Rubella",,Race and Hispanic origin,1,Hispanic or Latino,,93,
2008,"Measles, Mumps, Rubella",,Race and Hispanic origin,1,Hispanic or Latino,,93,
2009,"Measles, Mumps, Rubella",,Race and Hispanic origin,1,Hispanic or Latino,,89,
1995,Hib (3 doses or more),8,Race and Hispanic origin,1,Hispanic or Latino,,89,
1996,Hib (3 doses or more),8,Race and Hispanic origin,1,Hispanic or Latino,,89,
1997,Hib (3 doses or more),8,Race and Hispanic origin,1,Hispanic or Latino,,90,
1998,Hib (3 doses or more),8,Race and Hispanic origin,1,Hispanic or Latino,,92,
1999,Hib (3 doses or more),8,Race and Hispanic origin,1,Hispanic or Latino,,92,
2000,Hib (3 doses or more),8,Race and Hispanic origin,1,Hispanic or Latino,,91,
2001,Hib (3 doses or more),8,Race and Hispanic origin,1,Hispanic or Latino,,93,
2002,Hib (3 doses or more),8,Race and Hispanic origin,1,Hispanic or Latino,,92,
2003,Hib (3 doses or more),8,Race and Hispanic origin,1,Hispanic or Latino,,93,
2004,Hib (3 doses or more),8,Race and Hispanic origin,1,Hispanic or Latino,,93,
2005,Hib (3 doses or more),8,Race and Hispanic origin,1,Hispanic or Latino,,94.2,
2006,Hib (3 doses or more),8,Race and Hispanic origin,1,Hispanic or Latino,,94,
2007,Hib (3 doses or more),8,Race and Hispanic origin,1,Hispanic or Latino,,94,
2008,Hib (3 doses or more),8,Race and Hispanic origin,1,Hispanic or Latino,,92,
2009,Hib (primary series plus booster dose),8,Race and Hispanic origin,1,Hispanic or Latino,,55,
2009,Combined series (4:3:1:4:3:1:4),,Poverty level,,Below poverty level,,41,
2007,Combined series (4:3:1:3:3:1:4),,Poverty level,,Below poverty level,,65,
2008,Combined series (4:3:1:3:3:1:4),,Poverty level,,Below poverty level,,63,
2009,Combined series (4:3:1:3:3:1:4),,Poverty level,,Below poverty level,,61,
2002,Combined series (4:3:1:3:3:1),,Poverty level,,Below poverty level,,62,
2003,Combined series (4:3:1:3:3:1),,Poverty level,,Below poverty level,,70,
2004,Combined series (4:3:1:3:3:1),,Poverty level,,Below poverty level,,73,
2005,Combined series (4:3:1:3:3:1),,Poverty level,,Below poverty level,,74,
2006,Combined series (4:3:1:3:3:1),,Poverty level,,Below poverty level,,73,
2007,Combined series (4:3:1:3:3:1),,Poverty level,,Below poverty level,,75,
2008,Combined series (4:3:1:3:3:1),,Poverty level,,Below poverty level,,72,
2009,Combined series (4:3:1:3:3:1),,Poverty level,,Below poverty level,,68,
1995,DTP/DT/DTaP (4 doses or more),,Poverty level,,Below poverty level,,71,
1996,DTP/DT/DTaP (4 doses or more),,Poverty level,,Below poverty level,,74,
1997,DTP/DT/DTaP (4 doses or more),,Poverty level,,Below poverty level,,76,
1998,DTP/DT/DTaP (4 doses or more),,Poverty level,,Below poverty level,,80,
1999,DTP/DT/DTaP (4 doses or more),,Poverty level,,Below poverty level,,79,
2000,DTP/DT/DTaP (4 doses or more),,Poverty level,,Below poverty level,,76,
2001,DTP/DT/DTaP (4 doses or more),,Poverty level,,Below poverty level,,77,
2002,DTP/DT/DTaP (4 doses or more),,Poverty level,,Below poverty level,,75,
2003,DTP/DT/DTaP (4 doses or more),,Poverty level,,Below poverty level,,80,
2004,DTP/DT/DTaP (4 doses or more),,Poverty level,,Below poverty level,,81,
2005,DTP/DT/DTaP (4 doses or more),,Poverty level,,Below poverty level,,81.8,
2008,DTP/DT/DTaP (4 doses or more),,Poverty level,,Below poverty level,,80,
2009,DTP/DT/DTaP (4 doses or more),,Poverty level,,Below poverty level,,80,
1995,Polio (3 doses or more),,Poverty level,,Below poverty level,,85,
1996,Polio (3 doses or more),,Poverty level,,Below poverty level,,88,
1997,Polio (3 doses or more),,Poverty level,,Below poverty level,,89,
1998,Polio (3 doses or more),,Poverty level,,Below poverty level,,90,
1999,Polio (3 doses or more),,Poverty level,,Below poverty level,,87,
2000,Polio (3 doses or more),,Poverty level,,Below poverty level,,87,
2001,Polio (3 doses or more),,Poverty level,,Below poverty level,,87,
2002,Polio (3 doses or more),,Poverty level,,Below poverty level,,88,
2003,Polio (3 doses or more),,Poverty level,,Below poverty level,,89,
2004,Polio (3 doses or more),,Poverty level,,Below poverty level,,90,
2005,Polio (3 doses or more),,Poverty level,,Below poverty level,,89.7,
2006,Polio (3 doses or more),,Poverty level,,Below poverty level,,92,
2007,Polio (3 doses or more),,Poverty level,,Below poverty level,,92,
2008,Polio (3 doses or more),,Poverty level,,Below poverty level,,92,
2009,Polio (3 doses or more),,Poverty level,,Below poverty level,,92,
1995,"Measles, Mumps, Rubella",,Poverty level,,Below poverty level,,86,
1996,"Measles, Mumps, Rubella",,Poverty level,,Below poverty level,,87,
1997,"Measles, Mumps, Rubella",,Poverty level,,Below poverty level,,86,
1998,"Measles, Mumps, Rubella",,Poverty level,,Below poverty level,,90,
1999,"Measles, Mumps, Rubella",,Poverty level,,Below poverty level,,90,
2000,"Measles, Mumps, Rubella",,Poverty level,,Below poverty level,,89,
2001,"Measles, Mumps, Rubella",,Poverty level,,Below poverty level,,89,
2002,"Measles, Mumps, Rubella",,Poverty level,,Below poverty level,,90,
2003,"Measles, Mumps, Rubella",,Poverty level,,Below poverty level,,92,
2004,"Measles, Mumps, Rubella",,Poverty level,,Below poverty level,,91,
2005,"Measles, Mumps, Rubella",,Poverty level,,Below poverty level,,89.3,
2006,"Measles, Mumps, Rubella",,Poverty level,,Below poverty level,,91,
2007,"Measles, Mumps, Rubella",,Poverty level,,Below poverty level,,91,
2008,"Measles, Mumps, Rubella",,Poverty level,,Below poverty level,,92,
2009,"Measles, Mumps, Rubella",,Poverty level,,Below poverty level,,89,
1995,Hib (3 doses or more),,Poverty level,,Below poverty level,,88,
1996,Hib (3 doses or more),,Poverty level,,Below poverty level,,87,
1997,Hib (3 doses or more),,Poverty level,,Below poverty level,,90,
1998,Hib (3 doses or more),,Poverty level,,Below poverty level,,91,
1999,Hib (3 doses or more),,Poverty level,,Below poverty level,,91,
2000,Hib (3 doses or more),,Poverty level,,Below poverty level,,90,
2001,Hib (3 doses or more),,Poverty level,,Below poverty level,,90,
2002,Hib (3 doses or more),,Poverty level,,Below poverty level,,90,
2003,Hib (3 doses or more),,Poverty level,,Below poverty level,,91,
2004,Hib (3 doses or more),,Poverty level,,Below poverty level,,92,
2005,Hib (3 doses or more),,Poverty level,,Below poverty level,,91.9,
2006,Hib (3 doses or more),,Poverty level,,Below poverty level,,91,
2007,Hib (3 doses or more),,Poverty level,,Below poverty level,,91,
2008,Hib (3 doses or more),,Poverty level,,Below poverty level,,88,
2009,Hib (primary series plus booster dose),,Poverty level,,Below poverty level,,51,
2009,Combined series (4:3:1:4:3:1:4),,Poverty level,,At or above poverty level,,46,
2007,Combined series (4:3:1:3:3:1:4),,Poverty level,,At or above poverty level,,67,
2008,Combined series (4:3:1:3:3:1:4),,Poverty level,,At or above poverty level,,71,
2009,Combined series (4:3:1:3:3:1:4),,Poverty level,,At or above poverty level,,65,
2002,Combined series (4:3:1:3:3:1),,Poverty level,,At or above poverty level,,66,
2003,Combined series (4:3:1:3:3:1),,Poverty level,,At or above poverty level,,74,
2004,Combined series (4:3:1:3:3:1),,Poverty level,,At or above poverty level,,77,
2005,Combined series (4:3:1:3:3:1),,Poverty level,,At or above poverty level,,77,
2006,Combined series (4:3:1:3:3:1),,Poverty level,,At or above poverty level,,78,
2007,Combined series (4:3:1:3:3:1),,Poverty level,,At or above poverty level,,78,
2008,Combined series (4:3:1:3:3:1),,Poverty level,,At or above poverty level,,78,
2009,Combined series (4:3:1:3:3:1),,Poverty level,,At or above poverty level,,70,
1995,DTP/DT/DTaP (4 doses or more),,Poverty level,,At or above poverty level,,81,
1996,DTP/DT/DTaP (4 doses or more),,Poverty level,,At or above poverty level,,84,
1997,DTP/DT/DTaP (4 doses or more),,Poverty level,,At or above poverty level,,84,
1998,DTP/DT/DTaP (4 doses or more),,Poverty level,,At or above poverty level,,86,
1999,DTP/DT/DTaP (4 doses or more),,Poverty level,,At or above poverty level,,85,
2000,DTP/DT/DTaP (4 doses or more),,Poverty level,,At or above poverty level,,84,
2001,DTP/DT/DTaP (4 doses or more),,Poverty level,,At or above poverty level,,84,
2002,DTP/DT/DTaP (4 doses or more),,Poverty level,,At or above poverty level,,84,
2003,DTP/DT/DTaP (4 doses or more),,Poverty level,,At or above poverty level,,87,
2004,DTP/DT/DTaP (4 doses or more),,Poverty level,,At or above poverty level,,87,
2005,DTP/DT/DTaP (4 doses or more),,Poverty level,,At or above poverty level,,87.4,
2006,DTP/DT/DTaP (4 doses or more),,Poverty level,,At or above poverty level,,87,
2007,DTP/DT/DTaP (4 doses or more),,Poverty level,,At or above poverty level,,86,
2008,DTP/DT/DTaP (4 doses or more),,Poverty level,,At or above poverty level,,87,
2009,DTP/DT/DTaP (4 doses or more),,Poverty level,,At or above poverty level,,86,
1995,Polio (3 doses or more),,Poverty level,,At or above poverty level,,89,
1996,Polio (3 doses or more),,Poverty level,,At or above poverty level,,92,
1997,Polio (3 doses or more),,Poverty level,,At or above poverty level,,92,
1998,Polio (3 doses or more),,Poverty level,,At or above poverty level,,92,
1999,Polio (3 doses or more),,Poverty level,,At or above poverty level,,91,
2000,Polio (3 doses or more),,Poverty level,,At or above poverty level,,90,
2001,Polio (3 doses or more),,Poverty level,,At or above poverty level,,90,
2002,Polio (3 doses or more),,Poverty level,,At or above poverty level,,91,
2003,Polio (3 doses or more),,Poverty level,,At or above poverty level,,93,
2004,Polio (3 doses or more),,Poverty level,,At or above poverty level,,92,
2005,Polio (3 doses or more),,Poverty level,,At or above poverty level,,92.4,
2006,Polio (3 doses or more),,Poverty level,,At or above poverty level,,93,
2007,Polio (3 doses or more),,Poverty level,,At or above poverty level,,93,
2008,Polio (3 doses or more),,Poverty level,,At or above poverty level,,94,
2009,Polio (3 doses or more),,Poverty level,,At or above poverty level,,93,
1995,"Measles, Mumps, Rubella",,Poverty level,,At or above poverty level,,91,
1996,"Measles, Mumps, Rubella",,Poverty level,,At or above poverty level,,92,
1997,"Measles, Mumps, Rubella",,Poverty level,,At or above poverty level,,92,
1998,"Measles, Mumps, Rubella",,Poverty level,,At or above poverty level,,93,
1999,"Measles, Mumps, Rubella",,Poverty level,,At or above poverty level,,92,
2000,"Measles, Mumps, Rubella",,Poverty level,,At or above poverty level,,91,
2001,"Measles, Mumps, Rubella",,Poverty level,,At or above poverty level,,92,
2002,"Measles, Mumps, Rubella",,Poverty level,,At or above poverty level,,92,
2003,"Measles, Mumps, Rubella",,Poverty level,,At or above poverty level,,93,
2004,"Measles, Mumps, Rubella",,Poverty level,,At or above poverty level,,94,
2005,"Measles, Mumps, Rubella",,Poverty level,,At or above poverty level,,92.1,
2006,"Measles, Mumps, Rubella",,Poverty level,,At or above poverty level,,93,
2007,"Measles, Mumps, Rubella",,Poverty level,,At or above poverty level,,93,
2008,"Measles, Mumps, Rubella",,Poverty level,,At or above poverty level,,92,
2009,"Measles, Mumps, Rubella",,Poverty level,,At or above poverty level,,91,
1995,Hib (3 doses or more),,Poverty level,,At or above poverty level,,93,
1996,Hib (3 doses or more),,Poverty level,,At or above poverty level,,93,
1997,Hib (3 doses or more),,Poverty level,,At or above poverty level,,94,
1998,Hib (3 doses or more),,Poverty level,,At or above poverty level,,95,
1999,Hib (3 doses or more),,Poverty level,,At or above poverty level,,95,
2000,Hib (3 doses or more),,Poverty level,,At or above poverty level,,95,
2001,Hib (3 doses or more),,Poverty level,,At or above poverty level,,94,
2002,Hib (3 doses or more),,Poverty level,,At or above poverty level,,94,
2003,Hib (3 doses or more),,Poverty level,,At or above poverty level,,95,
2004,Hib (3 doses or more),,Poverty level,,At or above poverty level,,94,
2005,Hib (3 doses or more),,Poverty level,,At or above poverty level,,94.6,
2006,Hib (3 doses or more),,Poverty level,,At or above poverty level,,94,
2007,Hib (3 doses or more),,Poverty level,,At or above poverty level,,93,
2008,Hib (3 doses or more),,Poverty level,,At or above poverty level,,92,
2009,Hib (primary series plus booster dose),,Poverty level,,At or above poverty level,,57,
2009,Combined series (4:3:1:4:3:1:4),,Location of residence: Inside MSA,2,Central city,,45,
2007,Combined series (4:3:1:3:3:1:4),,Location of residence: Inside MSA,2,Central city,,67,
2008,Combined series (4:3:1:3:3:1:4),,Location of residence: Inside MSA,2,Central city,,70,
2009,Combined series (4:3:1:3:3:1:4),,Location of residence: Inside MSA,2,Central city,,,
2002,Combined series (4:3:1:3:3:1),,Location of residence: Inside MSA,2,Central city,,64,
2003,Combined series (4:3:1:3:3:1),,Location of residence: Inside MSA,2,Central city,,72,
2004,Combined series (4:3:1:3:3:1),,Location of residence: Inside MSA,2,Central city,,75,
2005,Combined series (4:3:1:3:3:1),,Location of residence: Inside MSA,2,Central city,,75,
2006,Combined series (4:3:1:3:3:1),,Location of residence: Inside MSA,2,Central city,,77,
2007,Combined series (4:3:1:3:3:1),,Location of residence: Inside MSA,2,Central city,,77,
2008,Combined series (4:3:1:3:3:1),,Location of residence: Inside MSA,2,Central city,,77,
2009,Combined series (4:3:1:3:3:1),,Location of residence: Inside MSA,2,Central city,,,
1995,DTP/DT/DTaP (4 doses or more),,Location of residence: Inside MSA,2,Central city,,77,
1996,DTP/DT/DTaP (4 doses or more),,Location of residence: Inside MSA,2,Central city,,79,
1997,DTP/DT/DTaP (4 doses or more),,Location of residence: Inside MSA,2,Central city,,80,
1998,DTP/DT/DTaP (4 doses or more),,Location of residence: Inside MSA,2,Central city,,82,
1999,DTP/DT/DTaP (4 doses or more),,Location of residence: Inside MSA,2,Central city,,82,
2000,DTP/DT/DTaP (4 doses or more),,Location of residence: Inside MSA,2,Central city,,80,
2001,DTP/DT/DTaP (4 doses or more),,Location of residence: Inside MSA,2,Central city,,81,
2002,DTP/DT/DTaP (4 doses or more),,Location of residence: Inside MSA,2,Central city,,79,
2003,DTP/DT/DTaP (4 doses or more),,Location of residence: Inside MSA,2,Central city,,84,
2004,DTP/DT/DTaP (4 doses or more),,Location of residence: Inside MSA,2,Central city,,84,
2005,DTP/DT/DTaP (4 doses or more),,Location of residence: Inside MSA,2,Central city,,84.8,
2006,DTP/DT/DTaP (4 doses or more),,Location of residence: Inside MSA,2,Central city,,84,
2007,DTP/DT/DTaP (4 doses or more),,Location of residence: Inside MSA,2,Central city,,85,
2008,DTP/DT/DTaP (4 doses or more),,Location of residence: Inside MSA,2,Central city,,85,
2009,DTP/DT/DTaP (4 doses or more),,Location of residence: Inside MSA,2,Central city,,84,
1995,Polio (3 doses or more),,Location of residence: Inside MSA,2,Central city,,87,
1996,Polio (3 doses or more),,Location of residence: Inside MSA,2,Central city,,89,
1997,Polio (3 doses or more),,Location of residence: Inside MSA,2,Central city,,90,
1998,Polio (3 doses or more),,Location of residence: Inside MSA,2,Central city,,89,
1999,Polio (3 doses or more),,Location of residence: Inside MSA,2,Central city,,89,
2000,Polio (3 doses or more),,Location of residence: Inside MSA,2,Central city,,88,
2001,Polio (3 doses or more),,Location of residence: Inside MSA,2,Central city,,88,
2002,Polio (3 doses or more),,Location of residence: Inside MSA,2,Central city,,89,
2003,Polio (3 doses or more),,Location of residence: Inside MSA,2,Central city,,91,
2004,Polio (3 doses or more),,Location of residence: Inside MSA,2,Central city,,91,
2005,Polio (3 doses or more),,Location of residence: Inside MSA,2,Central city,,90.6,
2006,Polio (3 doses or more),,Location of residence: Inside MSA,2,Central city,,93,
2007,Polio (3 doses or more),,Location of residence: Inside MSA,2,Central city,,92,
2008,Polio (3 doses or more),,Location of residence: Inside MSA,2,Central city,,94,
2009,Polio (3 doses or more),,Location of residence: Inside MSA,2,Central city,,94,
1995,"Measles, Mumps, Rubella",,Location of residence: Inside MSA,2,Central city,,90,
1996,"Measles, Mumps, Rubella",,Location of residence: Inside MSA,2,Central city,,90,
1997,"Measles, Mumps, Rubella",,Location of residence: Inside MSA,2,Central city,,90,
1998,"Measles, Mumps, Rubella",,Location of residence: Inside MSA,2,Central city,,92,
1999,"Measles, Mumps, Rubella",,Location of residence: Inside MSA,2,Central city,,91,
2000,"Measles, Mumps, Rubella",,Location of residence: Inside MSA,2,Central city,,90,
2001,"Measles, Mumps, Rubella",,Location of residence: Inside MSA,2,Central city,,91,
2002,"Measles, Mumps, Rubella",,Location of residence: Inside MSA,2,Central city,,90,
2003,"Measles, Mumps, Rubella",,Location of residence: Inside MSA,2,Central city,,93,
2004,"Measles, Mumps, Rubella",,Location of residence: Inside MSA,2,Central city,,93,
2005,"Measles, Mumps, Rubella",,Location of residence: Inside MSA,2,Central city,,91.6,
2006,"Measles, Mumps, Rubella",,Location of residence: Inside MSA,2,Central city,,93,
2007,"Measles, Mumps, Rubella",,Location of residence: Inside MSA,2,Central city,,92,
2008,"Measles, Mumps, Rubella",,Location of residence: Inside MSA,2,Central city,,93,
2009,"Measles, Mumps, Rubella",,Location of residence: Inside MSA,2,Central city,,91,
1995,Hib (3 doses or more),,Location of residence: Inside MSA,2,Central city,,91,
1996,Hib (3 doses or more),,Location of residence: Inside MSA,2,Central city,,90,
1997,Hib (3 doses or more),,Location of residence: Inside MSA,2,Central city,,91,
1998,Hib (3 doses or more),,Location of residence: Inside MSA,2,Central city,,92,
1999,Hib (3 doses or more),,Location of residence: Inside MSA,2,Central city,,92,
2000,Hib (3 doses or more),,Location of residence: Inside MSA,2,Central city,,92,
2001,Hib (3 doses or more),,Location of residence: Inside MSA,2,Central city,,91,
2002,Hib (3 doses or more),,Location of residence: Inside MSA,2,Central city,,92,
2003,Hib (3 doses or more),,Location of residence: Inside MSA,2,Central city,,94,
2004,Hib (3 doses or more),,Location of residence: Inside MSA,2,Central city,,93,
2005,Hib (3 doses or more),,Location of residence: Inside MSA,2,Central city,,93.4,
2006,Hib (3 doses or more),,Location of residence: Inside MSA,2,Central city,,93,
2007,Hib (3 doses or more),,Location of residence: Inside MSA,2,Central city,,92,
2008,Hib (3 doses or more),,Location of residence: Inside MSA,2,Central city,,91,
2009,Hib (primary series plus booster dose),,Location of residence: Inside MSA,2,Central city,,56,
2009,Combined series (4:3:1:4:3:1:4),,Location of residence: Inside MSA,2,Remaining area,,45,
2007,Combined series (4:3:1:3:3:1:4),,Location of residence: Inside MSA,2,Remaining area,,68,
2008,Combined series (4:3:1:3:3:1:4),,Location of residence: Inside MSA,2,Remaining area,,69,
2009,Combined series (4:3:1:3:3:1:4),,Location of residence: Inside MSA,2,Remaining area,,,
2002,Combined series (4:3:1:3:3:1),,Location of residence: Inside MSA,2,Remaining area,,68,
2003,Combined series (4:3:1:3:3:1),,Location of residence: Inside MSA,2,Remaining area,,74,
2004,Combined series (4:3:1:3:3:1),,Location of residence: Inside MSA,2,Remaining area,,78,
2005,Combined series (4:3:1:3:3:1),,Location of residence: Inside MSA,2,Remaining area,,78,
2006,Combined series (4:3:1:3:3:1),,Location of residence: Inside MSA,2,Remaining area,,78,
2007,Combined series (4:3:1:3:3:1),,Location of residence: Inside MSA,2,Remaining area,,78,
2008,Combined series (4:3:1:3:3:1),,Location of residence: Inside MSA,2,Remaining area,,76,
2009,Combined series (4:3:1:3:3:1),,Location of residence: Inside MSA,2,Remaining area,,,
1995,DTP/DT/DTaP (4 doses or more),,Location of residence: Inside MSA,2,Remaining area,,79,
1996,DTP/DT/DTaP (4 doses or more),,Location of residence: Inside MSA,2,Remaining area,,83,
1997,DTP/DT/DTaP (4 doses or more),,Location of residence: Inside MSA,2,Remaining area,,83,
1998,DTP/DT/DTaP (4 doses or more),,Location of residence: Inside MSA,2,Remaining area,,85,
1999,DTP/DT/DTaP (4 doses or more),,Location of residence: Inside MSA,2,Remaining area,,84,
2000,DTP/DT/DTaP (4 doses or more),,Location of residence: Inside MSA,2,Remaining area,,83,
2001,DTP/DT/DTaP (4 doses or more),,Location of residence: Inside MSA,2,Remaining area,,83,
2002,DTP/DT/DTaP (4 doses or more),,Location of residence: Inside MSA,2,Remaining area,,84,
2003,DTP/DT/DTaP (4 doses or more),,Location of residence: Inside MSA,2,Remaining area,,86,
2004,DTP/DT/DTaP (4 doses or more),,Location of residence: Inside MSA,2,Remaining area,,87,
2005,DTP/DT/DTaP (4 doses or more),,Location of residence: Inside MSA,2,Remaining area,,87,
2006,DTP/DT/DTaP (4 doses or more),,Location of residence: Inside MSA,2,Remaining area,,86,
2007,DTP/DT/DTaP (4 doses or more),,Location of residence: Inside MSA,2,Remaining area,,85,
2008,DTP/DT/DTaP (4 doses or more),,Location of residence: Inside MSA,2,Remaining area,,85,
2009,DTP/DT/DTaP (4 doses or more),,Location of residence: Inside MSA,2,Remaining area,,84,
1995,Polio (3 doses or more),,Location of residence: Inside MSA,2,Remaining area,,88,
1996,Polio (3 doses or more),,Location of residence: Inside MSA,2,Remaining area,,92,
1997,Polio (3 doses or more),,Location of residence: Inside MSA,2,Remaining area,,91,
1998,Polio (3 doses or more),,Location of residence: Inside MSA,2,Remaining area,,91,
1999,Polio (3 doses or more),,Location of residence: Inside MSA,2,Remaining area,,90,
2000,Polio (3 doses or more),,Location of residence: Inside MSA,2,Remaining area,,90,
2001,Polio (3 doses or more),,Location of residence: Inside MSA,2,Remaining area,,90,
2002,Polio (3 doses or more),,Location of residence: Inside MSA,2,Remaining area,,91,
2003,Polio (3 doses or more),,Location of residence: Inside MSA,2,Remaining area,,92,
2004,Polio (3 doses or more),,Location of residence: Inside MSA,2,Remaining area,,92,
2005,Polio (3 doses or more),,Location of residence: Inside MSA,2,Remaining area,,92.6,
2006,Polio (3 doses or more),,Location of residence: Inside MSA,2,Remaining area,,93,
2007,Polio (3 doses or more),,Location of residence: Inside MSA,2,Remaining area,,93,
2008,Polio (3 doses or more),,Location of residence: Inside MSA,2,Remaining area,,94,
2009,Polio (3 doses or more),,Location of residence: Inside MSA,2,Remaining area,,92,
1995,"Measles, Mumps, Rubella",,Location of residence: Inside MSA,2,Remaining area,,90,
1996,"Measles, Mumps, Rubella",,Location of residence: Inside MSA,2,Remaining area,,91,
1997,"Measles, Mumps, Rubella",,Location of residence: Inside MSA,2,Remaining area,,91,
1998,"Measles, Mumps, Rubella",,Location of residence: Inside MSA,2,Remaining area,,92,
1999,"Measles, Mumps, Rubella",,Location of residence: Inside MSA,2,Remaining area,,92,
2000,"Measles, Mumps, Rubella",,Location of residence: Inside MSA,2,Remaining area,,91,
2001,"Measles, Mumps, Rubella",,Location of residence: Inside MSA,2,Remaining area,,92,
2002,"Measles, Mumps, Rubella",,Location of residence: Inside MSA,2,Remaining area,,93,
2003,"Measles, Mumps, Rubella",,Location of residence: Inside MSA,2,Remaining area,,93,
2004,"Measles, Mumps, Rubella",,Location of residence: Inside MSA,2,Remaining area,,94,
2005,"Measles, Mumps, Rubella",,Location of residence: Inside MSA,2,Remaining area,,91.8,
2006,"Measles, Mumps, Rubella",,Location of residence: Inside MSA,2,Remaining area,,93,
2007,"Measles, Mumps, Rubella",,Location of residence: Inside MSA,2,Remaining area,,93,
2008,"Measles, Mumps, Rubella",,Location of residence: Inside MSA,2,Remaining area,,92,
2009,"Measles, Mumps, Rubella",,Location of residence: Inside MSA,2,Remaining area,,89,
1995,Hib (3 doses or more),,Location of residence: Inside MSA,2,Remaining area,,92,
1996,Hib (3 doses or more),,Location of residence: Inside MSA,2,Remaining area,,93,
1997,Hib (3 doses or more),,Location of residence: Inside MSA,2,Remaining area,,93,
1998,Hib (3 doses or more),,Location of residence: Inside MSA,2,Remaining area,,94,
1999,Hib (3 doses or more),,Location of residence: Inside MSA,2,Remaining area,,95,
2000,Hib (3 doses or more),,Location of residence: Inside MSA,2,Remaining area,,94,
2001,Hib (3 doses or more),,Location of residence: Inside MSA,2,Remaining area,,94,
2002,Hib (3 doses or more),,Location of residence: Inside MSA,2,Remaining area,,94,
2003,Hib (3 doses or more),,Location of residence: Inside MSA,2,Remaining area,,94,
2004,Hib (3 doses or more),,Location of residence: Inside MSA,2,Remaining area,,94,
2005,Hib (3 doses or more),,Location of residence: Inside MSA,2,Remaining area,,94.3,
2006,Hib (3 doses or more),,Location of residence: Inside MSA,2,Remaining area,,94,
2007,Hib (3 doses or more),,Location of residence: Inside MSA,2,Remaining area,,94,
2008,Hib (3 doses or more),,Location of residence: Inside MSA,2,Remaining area,,92,
2009,Hib (primary series plus booster dose),,Location of residence: Inside MSA,2,Remaining area,,55,
2009,Combined series (4:3:1:4:3:1:4),,Location of residence: Outside MSA,2,Outside MSA,,42,
2007,Combined series (4:3:1:3:3:1:4),,Location of residence: Outside MSA,2,Outside MSA,,63,
2008,Combined series (4:3:1:3:3:1:4),,Location of residence: Outside MSA,2,Outside MSA,,65,
2009,Combined series (4:3:1:3:3:1:4),,Location of residence: Outside MSA,2,Outside MSA,,,
2002,Combined series (4:3:1:3:3:1),,Location of residence: Outside MSA,2,Outside MSA,,61,
2003,Combined series (4:3:1:3:3:1),,Location of residence: Outside MSA,2,Outside MSA,,70,
2004,Combined series (4:3:1:3:3:1),,Location of residence: Outside MSA,2,Outside MSA,,74,
2005,Combined series (4:3:1:3:3:1),,Location of residence: Outside MSA,2,Outside MSA,,74,
2006,Combined series (4:3:1:3:3:1),,Location of residence: Outside MSA,2,Outside MSA,,75,
2007,Combined series (4:3:1:3:3:1),,Location of residence: Outside MSA,2,Outside MSA,,76,
2008,Combined series (4:3:1:3:3:1),,Location of residence: Outside MSA,2,Outside MSA,,74,
2009,Combined series (4:3:1:3:3:1),,Location of residence: Outside MSA,2,Outside MSA,,,
1995,DTP/DT/DTaP (4 doses or more),,Location of residence: Outside MSA,2,Outside MSA,,78,
1996,DTP/DT/DTaP (4 doses or more),,Location of residence: Outside MSA,2,Outside MSA,,81,
1997,DTP/DT/DTaP (4 doses or more),,Location of residence: Outside MSA,2,Outside MSA,,81,
1998,DTP/DT/DTaP (4 doses or more),,Location of residence: Outside MSA,2,Outside MSA,,85,
1999,DTP/DT/DTaP (4 doses or more),,Location of residence: Outside MSA,2,Outside MSA,,83,
2000,DTP/DT/DTaP (4 doses or more),,Location of residence: Outside MSA,2,Outside MSA,,83,
2001,DTP/DT/DTaP (4 doses or more),,Location of residence: Outside MSA,2,Outside MSA,,82,
2002,DTP/DT/DTaP (4 doses or more),,Location of residence: Outside MSA,2,Outside MSA,,80,
2003,DTP/DT/DTaP (4 doses or more),,Location of residence: Outside MSA,2,Outside MSA,,83,
2004,DTP/DT/DTaP (4 doses or more),,Location of residence: Outside MSA,2,Outside MSA,,85,
2005,DTP/DT/DTaP (4 doses or more),,Location of residence: Outside MSA,2,Outside MSA,,84.7,
2006,DTP/DT/DTaP (4 doses or more),,Location of residence: Outside MSA,2,Outside MSA,,85,
2007,DTP/DT/DTaP (4 doses or more),,Location of residence: Outside MSA,2,Outside MSA,,83,
2008,DTP/DT/DTaP (4 doses or more),,Location of residence: Outside MSA,2,Outside MSA,,82,
2009,DTP/DT/DTaP (4 doses or more),,Location of residence: Outside MSA,2,Outside MSA,,84,
1995,Polio (3 doses or more),,Location of residence: Outside MSA,2,Outside MSA,,89,
1996,Polio (3 doses or more),,Location of residence: Outside MSA,2,Outside MSA,,92,
1997,Polio (3 doses or more),,Location of residence: Outside MSA,2,Outside MSA,,92,
1998,Polio (3 doses or more),,Location of residence: Outside MSA,2,Outside MSA,,93,
1999,Polio (3 doses or more),,Location of residence: Outside MSA,2,Outside MSA,,90,
2000,Polio (3 doses or more),,Location of residence: Outside MSA,2,Outside MSA,,91,
2001,Polio (3 doses or more),,Location of residence: Outside MSA,2,Outside MSA,,91,
2002,Polio (3 doses or more),,Location of residence: Outside MSA,2,Outside MSA,,90,
2003,Polio (3 doses or more),,Location of residence: Outside MSA,2,Outside MSA,,92,
2004,Polio (3 doses or more),,Location of residence: Outside MSA,2,Outside MSA,,92,
2005,Polio (3 doses or more),,Location of residence: Outside MSA,2,Outside MSA,,92.2,
2006,Polio (3 doses or more),,Location of residence: Outside MSA,2,Outside MSA,,93,
2007,Polio (3 doses or more),,Location of residence: Outside MSA,2,Outside MSA,,94,
2008,Polio (3 doses or more),,Location of residence: Outside MSA,2,Outside MSA,,93,
2009,Polio (3 doses or more),,Location of residence: Outside MSA,2,Outside MSA,,92,
1995,"Measles, Mumps, Rubella",,Location of residence: Outside MSA,2,Outside MSA,,89,
1996,"Measles, Mumps, Rubella",,Location of residence: Outside MSA,2,Outside MSA,,91,
1997,"Measles, Mumps, Rubella",,Location of residence: Outside MSA,2,Outside MSA,,91,
1998,"Measles, Mumps, Rubella",,Location of residence: Outside MSA,2,Outside MSA,,93,
1999,"Measles, Mumps, Rubella",,Location of residence: Outside MSA,2,Outside MSA,,90,
2000,"Measles, Mumps, Rubella",,Location of residence: Outside MSA,2,Outside MSA,,91,
2001,"Measles, Mumps, Rubella",,Location of residence: Outside MSA,2,Outside MSA,,91,
2002,"Measles, Mumps, Rubella",,Location of residence: Outside MSA,2,Outside MSA,,90,
2003,"Measles, Mumps, Rubella",,Location of residence: Outside MSA,2,Outside MSA,,92,
2004,"Measles, Mumps, Rubella",,Location of residence: Outside MSA,2,Outside MSA,,92,
2005,"Measles, Mumps, Rubella",,Location of residence: Outside MSA,2,Outside MSA,,90.4,
2006,"Measles, Mumps, Rubella",,Location of residence: Outside MSA,2,Outside MSA,,92,
2007,"Measles, Mumps, Rubella",,Location of residence: Outside MSA,2,Outside MSA,,92,
2008,"Measles, Mumps, Rubella",,Location of residence: Outside MSA,2,Outside MSA,,90,
2009,"Measles, Mumps, Rubella",,Location of residence: Outside MSA,2,Outside MSA,,89,
1995,Hib (3 doses or more),,Location of residence: Outside MSA,2,Outside MSA,,92,
1996,Hib (3 doses or more),,Location of residence: Outside MSA,2,Outside MSA,,92,
1997,Hib (3 doses or more),,Location of residence: Outside MSA,2,Outside MSA,,94,
1998,Hib (3 doses or more),,Location of residence: Outside MSA,2,Outside MSA,,94,
1999,Hib (3 doses or more),,Location of residence: Outside MSA,2,Outside MSA,,93,
2000,Hib (3 doses or more),,Location of residence: Outside MSA,2,Outside MSA,,95,
2001,Hib (3 doses or more),,Location of residence: Outside MSA,2,Outside MSA,,93,
2002,Hib (3 doses or more),,Location of residence: Outside MSA,2,Outside MSA,,93,
2003,Hib (3 doses or more),,Location of residence: Outside MSA,2,Outside MSA,,94,
2004,Hib (3 doses or more),,Location of residence: Outside MSA,2,Outside MSA,,94,
2005,Hib (3 doses or more),,Location of residence: Outside MSA,2,Outside MSA,,94,
2006,Hib (3 doses or more),,Location of residence: Outside MSA,2,Outside MSA,,92,
2007,Hib (3 doses or more),,Location of residence: Outside MSA,2,Outside MSA,,92,
2008,Hib (3 doses or more),,Location of residence: Outside MSA,2,Outside MSA,,89,
2009,Hib (primary series plus booster dose),,Location of residence: Outside MSA,2,Outside MSA,,53,
1995,Hepatitis B (3 doses or more),,Race and Hispanic origin,1,All,,68,
1996,Hepatitis B (3 doses or more),,Race and Hispanic origin,1,All,,82,
1997,Hepatitis B (3 doses or more),,Race and Hispanic origin,1,All,,84,
1998,Hepatitis B (3 doses or more),,Race and Hispanic origin,1,All,,87,
1999,Hepatitis B (3 doses or more),,Race and Hispanic origin,1,All,,88,
2000,Hepatitis B (3 doses or more),,Race and Hispanic origin,1,All,,90,
2001,Hepatitis B (3 doses or more),,Race and Hispanic origin,1,All,,89,
2002,Hepatitis B (3 doses or more),,Race and Hispanic origin,1,All,,90,
2003,Hepatitis B (3 doses or more),,Race and Hispanic origin,1,All,,92,
2004,Hepatitis B (3 doses or more),,Race and Hispanic origin,1,All,,92,
2005,Hepatitis B (3 doses or more),,Race and Hispanic origin,1,All,,93,
2006,Hepatitis B (3 doses or more),,Race and Hispanic origin,1,All,,93,
2007,Hepatitis B (3 doses or more),,Race and Hispanic origin,1,All,,93,
2008,Hepatitis B (3 doses or more),,Race and Hispanic origin,1,All,,94,
2009,Hepatitis B (3 doses or more),,Race and Hispanic origin,1,All,,92,
1997,Varicella,9,Race and Hispanic origin,1,All,,26,
1998,Varicella,9,Race and Hispanic origin,1,All,,43,
1999,Varicella,9,Race and Hispanic origin,1,All,,58,
2000,Varicella,9,Race and Hispanic origin,1,All,,68,
2001,Varicella,9,Race and Hispanic origin,1,All,,76,
2002,Varicella,9,Race and Hispanic origin,1,All,,81,
2003,Varicella,9,Race and Hispanic origin,1,All,,85,
2004,Varicella,9,Race and Hispanic origin,1,All,,88,
2005,Varicella,9,Race and Hispanic origin,1,All,,88,
2006,Varicella,9,Race and Hispanic origin,1,All,,89,
2007,Varicella,9,Race and Hispanic origin,1,All,,90,
2008,Varicella,9,Race and Hispanic origin,1,All,,91,
2009,Varicella,9,Race and Hispanic origin,1,All,,90,
2005,PCV (4 doses or more),10,Race and Hispanic origin,1,All,,54,
2006,PCV (4 doses or more),10,Race and Hispanic origin,1,All,,68,
2007,PCV (4 doses or more),10,Race and Hispanic origin,1,All,,75,
2008,PCV (4 doses or more),10,Race and Hispanic origin,1,All,,80,
2009,PCV (4 doses or more),10,Race and Hispanic origin,1,All,,80,
1995,Hepatitis B (3 doses or more),,Race and Hispanic origin,1,Not Hispanic or Latino White,,68,
1996,Hepatitis B (3 doses or more),,Race and Hispanic origin,1,Not Hispanic or Latino White,,82,
1997,Hepatitis B (3 doses or more),,Race and Hispanic origin,1,Not Hispanic or Latino White,,85,
1998,Hepatitis B (3 doses or more),,Race and Hispanic origin,1,Not Hispanic or Latino White,,88,
1999,Hepatitis B (3 doses or more),,Race and Hispanic origin,1,Not Hispanic or Latino White,,89,
2000,Hepatitis B (3 doses or more),,Race and Hispanic origin,1,Not Hispanic or Latino White,,91,
2001,Hepatitis B (3 doses or more),,Race and Hispanic origin,1,Not Hispanic or Latino White,,90,
2002,Hepatitis B (3 doses or more),,Race and Hispanic origin,1,Not Hispanic or Latino White,,91,
2003,Hepatitis B (3 doses or more),,Race and Hispanic origin,1,Not Hispanic or Latino White,,93,
2004,Hepatitis B (3 doses or more),,Race and Hispanic origin,1,Not Hispanic or Latino White,,93,
2005,Hepatitis B (3 doses or more),,Race and Hispanic origin,1,Not Hispanic or Latino White,,93,
2006,Hepatitis B (3 doses or more),,Race and Hispanic origin,1,Not Hispanic or Latino White,,94,
2007,Hepatitis B (3 doses or more),,Race and Hispanic origin,1,Not Hispanic or Latino White,,93,
2008,Hepatitis B (3 doses or more),,Race and Hispanic origin,1,Not Hispanic or Latino White,,93,
2009,Hepatitis B (3 doses or more),,Race and Hispanic origin,1,Not Hispanic or Latino White,,92,
1997,Varicella,9,Race and Hispanic origin,1,Not Hispanic or Latino White,,28,
1998,Varicella,9,Race and Hispanic origin,1,Not Hispanic or Latino White,,42,
1999,Varicella,9,Race and Hispanic origin,1,Not Hispanic or Latino White,,56,
2000,Varicella,9,Race and Hispanic origin,1,Not Hispanic or Latino White,,66,
2001,Varicella,9,Race and Hispanic origin,1,Not Hispanic or Latino White,,75,
2002,Varicella,9,Race and Hispanic origin,1,Not Hispanic or Latino White,,79,
2003,Varicella,9,Race and Hispanic origin,1,Not Hispanic or Latino White,,84,
2004,Varicella,9,Race and Hispanic origin,1,Not Hispanic or Latino White,,87,
2005,Varicella,9,Race and Hispanic origin,1,Not Hispanic or Latino White,,86,
2006,Varicella,9,Race and Hispanic origin,1,Not Hispanic or Latino White,,89,
2007,Varicella,9,Race and Hispanic origin,1,Not Hispanic or Latino White,,89,
2008,Varicella,9,Race and Hispanic origin,1,Not Hispanic or Latino White,,90,
2009,Varicella,9,Race and Hispanic origin,1,Not Hispanic or Latino White,,89,
2005,PCV (4 doses or more),10,Race and Hispanic origin,1,Not Hispanic or Latino White,,57,
2006,PCV (4 doses or more),10,Race and Hispanic origin,1,Not Hispanic or Latino White,,71,
2007,PCV (4 doses or more),10,Race and Hispanic origin,1,Not Hispanic or Latino White,,77,
2008,PCV (4 doses or more),10,Race and Hispanic origin,1,Not Hispanic or Latino White,,81,
2009,PCV (4 doses or more),10,Race and Hispanic origin,1,Not Hispanic or Latino White,,83,
1995,Hepatitis B (3 doses or more),,Race and Hispanic origin,1,Not Hispanic or Latino Black or African American,,66,
1996,Hepatitis B (3 doses or more),,Race and Hispanic origin,1,Not Hispanic or Latino Black or African American,,82,
1997,Hepatitis B (3 doses or more),,Race and Hispanic origin,1,Not Hispanic or Latino Black or African American,,82,
1998,Hepatitis B (3 doses or more),,Race and Hispanic origin,1,Not Hispanic or Latino Black or African American,,84,
1999,Hepatitis B (3 doses or more),,Race and Hispanic origin,1,Not Hispanic or Latino Black or African American,,87,
2000,Hepatitis B (3 doses or more),,Race and Hispanic origin,1,Not Hispanic or Latino Black or African American,,89,
2001,Hepatitis B (3 doses or more),,Race and Hispanic origin,1,Not Hispanic or Latino Black or African American,,85,
2002,Hepatitis B (3 doses or more),,Race and Hispanic origin,1,Not Hispanic or Latino Black or African American,,88,
2003,Hepatitis B (3 doses or more),,Race and Hispanic origin,1,Not Hispanic or Latino Black or African American,,92,
2004,Hepatitis B (3 doses or more),,Race and Hispanic origin,1,Not Hispanic or Latino Black or African American,,91,
2005,Hepatitis B (3 doses or more),,Race and Hispanic origin,1,Not Hispanic or Latino Black or African American,,93,
2006,Hepatitis B (3 doses or more),,Race and Hispanic origin,1,Not Hispanic or Latino Black or African American,,92,
2007,Hepatitis B (3 doses or more),,Race and Hispanic origin,1,Not Hispanic or Latino Black or African American,,91,
2008,Hepatitis B (3 doses or more),,Race and Hispanic origin,1,Not Hispanic or Latino Black or African American,,92,
2009,Hepatitis B (3 doses or more),,Race and Hispanic origin,1,Not Hispanic or Latino Black or African American,,92,
1997,Varicella,9,Race and Hispanic origin,1,Not Hispanic or Latino Black or African American,,21,
1998,Varicella,9,Race and Hispanic origin,1,Not Hispanic or Latino Black or African American,,42,
1999,Varicella,9,Race and Hispanic origin,1,Not Hispanic or Latino Black or African American,,58,
2000,Varicella,9,Race and Hispanic origin,1,Not Hispanic or Latino Black or African American,,67,
2001,Varicella,9,Race and Hispanic origin,1,Not Hispanic or Latino Black or African American,,75,
2002,Varicella,9,Race and Hispanic origin,1,Not Hispanic or Latino Black or African American,,83,
2003,Varicella,9,Race and Hispanic origin,1,Not Hispanic or Latino Black or African American,,85,
2004,Varicella,9,Race and Hispanic origin,1,Not Hispanic or Latino Black or African American,,86,
2005,Varicella,9,Race and Hispanic origin,1,Not Hispanic or Latino Black or African American,,91,
2006,Varicella,9,Race and Hispanic origin,1,Not Hispanic or Latino Black or African American,,89,
2007,Varicella,9,Race and Hispanic origin,1,Not Hispanic or Latino Black or African American,,90,
2008,Varicella,9,Race and Hispanic origin,1,Not Hispanic or Latino Black or African American,,90,
2009,Varicella,9,Race and Hispanic origin,1,Not Hispanic or Latino Black or African American,,88,
2005,PCV (4 doses or more),10,Race and Hispanic origin,1,Not Hispanic or Latino Black or African American,,46,
2006,PCV (4 doses or more),10,Race and Hispanic origin,1,Not Hispanic or Latino Black or African American,,61,
2007,PCV (4 doses or more),10,Race and Hispanic origin,1,Not Hispanic or Latino Black or African American,,70,
2008,PCV (4 doses or more),10,Race and Hispanic origin,1,Not Hispanic or Latino Black or African American,,76,
2009,PCV (4 doses or more),10,Race and Hispanic origin,1,Not Hispanic or Latino Black or African American,,73,
1995,Hepatitis B (3 doses or more),,Race and Hispanic origin,1,American Indian or Alaska Native,,52,
1996,Hepatitis B (3 doses or more),,Race and Hispanic origin,1,American Indian or Alaska Native,,79,
1997,Hepatitis B (3 doses or more),,Race and Hispanic origin,1,American Indian or Alaska Native,,83,
1998,Hepatitis B (3 doses or more),,Race and Hispanic origin,1,American Indian or Alaska Native,,82,
1999,Hepatitis B (3 doses or more),,Race and Hispanic origin,1,American Indian or Alaska Native,,,*
2000,Hepatitis B (3 doses or more),,Race and Hispanic origin,1,American Indian or Alaska Native,,91,
2001,Hepatitis B (3 doses or more),,Race and Hispanic origin,1,American Indian or Alaska Native,,86,
2002,Hepatitis B (3 doses or more),,Race and Hispanic origin,1,American Indian or Alaska Native,,,*
2003,Hepatitis B (3 doses or more),,Race and Hispanic origin,1,American Indian or Alaska Native,,90,
2004,Hepatitis B (3 doses or more),,Race and Hispanic origin,1,American Indian or Alaska Native,,91,
2005,Hepatitis B (3 doses or more),,Race and Hispanic origin,1,American Indian or Alaska Native,,90,
2006,Hepatitis B (3 doses or more),,Race and Hispanic origin,1,American Indian or Alaska Native,,95,
2007,Hepatitis B (3 doses or more),,Race and Hispanic origin,1,American Indian or Alaska Native,,97,
2008,Hepatitis B (3 doses or more),,Race and Hispanic origin,1,American Indian or Alaska Native,,92,
2009,Hepatitis B (3 doses or more),,Race and Hispanic origin,1,American Indian or Alaska Native,,93,
1997,Varicella,9,Race and Hispanic origin,1,American Indian or Alaska Native,,20,
1998,Varicella,9,Race and Hispanic origin,1,American Indian or Alaska Native,,28,
1999,Varicella,9,Race and Hispanic origin,1,American Indian or Alaska Native,,,*
2000,Varicella,9,Race and Hispanic origin,1,American Indian or Alaska Native,,62,
2001,Varicella,9,Race and Hispanic origin,1,American Indian or Alaska Native,,69,
2002,Varicella,9,Race and Hispanic origin,1,American Indian or Alaska Native,,71,
2003,Varicella,9,Race and Hispanic origin,1,American Indian or Alaska Native,,81,
2004,Varicella,9,Race and Hispanic origin,1,American Indian or Alaska Native,,84,
2005,Varicella,9,Race and Hispanic origin,1,American Indian or Alaska Native,,82,
2006,Varicella,9,Race and Hispanic origin,1,American Indian or Alaska Native,,85,
2007,Varicella,9,Race and Hispanic origin,1,American Indian or Alaska Native,,95,
2008,Varicella,9,Race and Hispanic origin,1,American Indian or Alaska Native,,94,
2009,Varicella,9,Race and Hispanic origin,1,American Indian or Alaska Native,,89,
2005,PCV (4 doses or more),10,Race and Hispanic origin,1,American Indian or Alaska Native,,,*
2006,PCV (4 doses or more),10,Race and Hispanic origin,1,American Indian or Alaska Native,,63,
2007,PCV (4 doses or more),10,Race and Hispanic origin,1,American Indian or Alaska Native,,80,
2008,PCV (4 doses or more),10,Race and Hispanic origin,1,American Indian or Alaska Native,,71,
2009,PCV (4 doses or more),10,Race and Hispanic origin,1,American Indian or Alaska Native,,76,
2009,Combined series (4:3:1:4:3:1:4),4,Not Hispanic or Latino White,,Below poverty level,,43,
2007,Combined series (4:3:1:3:3:1:4),5,Not Hispanic or Latino White,,Below poverty level,,60,
2008,Combined series (4:3:1:3:3:1:4),5,Not Hispanic or Latino White,,Below poverty level,,59,
2009,Combined series (4:3:1:3:3:1:4),5,Not Hispanic or Latino White,,Below poverty level,,62,
2002,Combined series (4:3:1:3:3:1),6,Not Hispanic or Latino White,,Below poverty level,,59,
2003,Combined series (4:3:1:3:3:1),6,Not Hispanic or Latino White,,Below poverty level,,69,
2004,Combined series (4:3:1:3:3:1),6,Not Hispanic or Latino White,,Below poverty level,,72,
2005,Combined series (4:3:1:3:3:1),6,Not Hispanic or Latino White,,Below poverty level,,70,
2006,Combined series (4:3:1:3:3:1),6,Not Hispanic or Latino White,,Below poverty level,,69,
2007,Combined series (4:3:1:3:3:1),6,Not Hispanic or Latino White,,Below poverty level,,70,
2008,Combined series (4:3:1:3:3:1),6,Not Hispanic or Latino White,,Below poverty level,,68,
2009,Combined series (4:3:1:3:3:1),6,Not Hispanic or Latino White,,Below poverty level,,68,
2009,Combined series (4:3:1:4:3:1:4),4,Not Hispanic or Latino White,,At or above poverty level,,46,
2007,Combined series (4:3:1:3:3:1:4),5,Not Hispanic or Latino White,,At or above poverty level,,68,
2008,Combined series (4:3:1:3:3:1:4),5,Not Hispanic or Latino White,,At or above poverty level,,70,
2009,Combined series (4:3:1:3:3:1:4),5,Not Hispanic or Latino White,,At or above poverty level,,65,
2002,Combined series (4:3:1:3:3:1),6,Not Hispanic or Latino White,,At or above poverty level,,67,
2003,Combined series (4:3:1:3:3:1),6,Not Hispanic or Latino White,,At or above poverty level,,75,
2004,Combined series (4:3:1:3:3:1),6,Not Hispanic or Latino White,,At or above poverty level,,78,
2005,Combined series (4:3:1:3:3:1),6,Not Hispanic or Latino White,,At or above poverty level,,77,
2006,Combined series (4:3:1:3:3:1),6,Not Hispanic or Latino White,,At or above poverty level,,79,
2007,Combined series (4:3:1:3:3:1),6,Not Hispanic or Latino White,,At or above poverty level,,79,
2008,Combined series (4:3:1:3:3:1),6,Not Hispanic or Latino White,,At or above poverty level,,77,
2009,Combined series (4:3:1:3:3:1),6,Not Hispanic or Latino White,,At or above poverty level,,69,
2009,Combined series (4:3:1:4:3:1:4),4,Not Hispanic or Latino Black or African American,,Below poverty level,,38,
2007,Combined series (4:3:1:3:3:1:4),5,Not Hispanic or Latino Black or African American,,Below poverty level,,60,
2008,Combined series (4:3:1:3:3:1:4),5,Not Hispanic or Latino Black or African American,,Below poverty level,,63,
2009,Combined series (4:3:1:3:3:1:4),5,Not Hispanic or Latino Black or African American,,Below poverty level,,55,
2002,Combined series (4:3:1:3:3:1),6,Not Hispanic or Latino Black or African American,,Below poverty level,,59,
2003,Combined series (4:3:1:3:3:1),6,Not Hispanic or Latino Black or African American,,Below poverty level,,64,
2004,Combined series (4:3:1:3:3:1),6,Not Hispanic or Latino Black or African American,,Below poverty level,,68,
2005,Combined series (4:3:1:3:3:1),6,Not Hispanic or Latino Black or African American,,Below poverty level,,74,
2006,Combined series (4:3:1:3:3:1),6,Not Hispanic or Latino Black or African American,,Below poverty level,,72,
2007,Combined series (4:3:1:3:3:1),6,Not Hispanic or Latino Black or African American,,Below poverty level,,74,
2008,Combined series (4:3:1:3:3:1),6,Not Hispanic or Latino Black or African American,,Below poverty level,,70,
2009,Combined series (4:3:1:3:3:1),6,Not Hispanic or Latino Black or African American,,Below poverty level,,64,
2009,Combined series (4:3:1:4:3:1:4),4,Not Hispanic or Latino Black or African American,,At or above poverty level,,44,
2007,Combined series (4:3:1:3:3:1:4),5,Not Hispanic or Latino Black or African American,,At or above poverty level,,64,
2008,Combined series (4:3:1:3:3:1:4),5,Not Hispanic or Latino Black or African American,,At or above poverty level,,69,
2009,Combined series (4:3:1:3:3:1:4),5,Not Hispanic or Latino Black or African American,,At or above poverty level,,63,
2002,Combined series (4:3:1:3:3:1),6,Not Hispanic or Latino Black or African American,,At or above poverty level,,62,
2003,Combined series (4:3:1:3:3:1),6,Not Hispanic or Latino Black or African American,,At or above poverty level,,72,
2004,Combined series (4:3:1:3:3:1),6,Not Hispanic or Latino Black or African American,,At or above poverty level,,75,
2005,Combined series (4:3:1:3:3:1),6,Not Hispanic or Latino Black or African American,,At or above poverty level,,80,
2006,Combined series (4:3:1:3:3:1),6,Not Hispanic or Latino Black or African American,,At or above poverty level,,77,
2007,Combined series (4:3:1:3:3:1),6,Not Hispanic or Latino Black or African American,,At or above poverty level,,77,
2008,Combined series (4:3:1:3:3:1),6,Not Hispanic or Latino Black or African American,,At or above poverty level,,75,
2009,Combined series (4:3:1:3:3:1),6,Not Hispanic or Latino Black or African American,,At or above poverty level,,71,
